destino_id,destino_nome,pais,pais_code,hotel_count
25660,Egbeda,XX,XX,47
20690,Dagupan,XX,XX,45
27841,Boxmeer,XX,XX,45
26807,Ramsar sites,XX,XX,44
25659,Ojo,XX,XX,44
22283,Skopje/Centar,XX,XX,44
18028,Vang Vieng,XX,XX,43
15982,Shangrila,XX,XX,43
27095,Legacy retailers,XX,XX,42
16124,Sibsagar,XX,XX,42
25664,Alimosho,XX,XX,42
27053,National parks in Venezuela,XX,XX,41
26244,Port-Cartier,XX,XX,41
27552,Megalithic Cultures in Europe,XX,XX,41
22974,Airport articles,XX,XX,41
18369,Warri,XX,XX,41
21867,Monarchies,XX,XX,41
22817,Cycling the Western Sahara,MA,MA,41
17010,Tainan,XX,XX,41
18347,Whanganui,XX,XX,41
26676,Sleman,XX,XX,40
18937,Yellowstone National Park,XX,XX,40
28102,National parks in Thailand,TH,TH,40
25800,Ikole,XX,XX,40
18952,Yilan,XX,XX,40
25655,Akute,XX,XX,40
18234,Volcanoes,XX,XX,40
21718,Paleontology,XX,XX,40
25816,Gwagwalada,XX,XX,40
18128,Viñales,XX,XX,40
23463,Buffalo-Pittsburgh Highway,XX,XX,40
17837,Uiwang,XX,XX,40
26018,Mount Lawu,XX,XX,40
25661,Iyana-ipaja,XX,XX,40
17974,Valga,XX,XX,39
21218,Janapar Trail,XX,XX,39
27526,Longquanyi,XX,XX,39
28302,Taichung/Central Taichung,XX,XX,39
20582,Lac-Saint-Jean,XX,XX,39
27877,Bulqiza,XX,XX,39
23309,Taal,XX,XX,37
26320,Carmel Point,XX,XX,37
20482,Diani Beach,XX,XX,37
16907,Swartz Creek,XX,XX,37
28120,Zona Volcànica de la Garrotxa Natural Park,XX,XX,37
25868,Uselu,XX,XX,37
27832,Gemert,XX,XX,37
28454,Ukpor,XX,XX,37
27840,Cuijk,XX,XX,37
25723,Ajegunle,XX,XX,36
19081,Zhangye,XX,XX,36
21290,Mtwapa,XX,XX,36
24035,Gjilani,XX,XX,36
18009,Vanadzor,XX,XX,36
24748,Medieval Europe,XX,XX,35
25348,Grandes-Piles,XX,XX,35
25083,Sango Ota,XX,XX,35
25662,Ifo,XX,XX,35
25840,Bwari,XX,XX,35
26127,Livingston Island,XX,XX,35
27521,Suqian,XX,XX,34
27845,Laarbeek,XX,XX,34
27007,Pengzhou,XX,XX,34
25802,Efon,XX,XX,33
18907,Yaremche,XX,XX,33
16635,Stepanavan,XX,XX,33
25813,Kosofe,XX,XX,33
26661,Targovishte,XX,XX,33
24685,Georgian cuisine,US,US,32
25818,Kuje,XX,XX,32
21149,Clusane,XX,XX,32
21656,Parksville,XX,XX,32
25879,Oye,XX,XX,32
25789,Ojota,XX,XX,31
19222,Ellenville,XX,XX,31
24441,KL sightseeing walk,XX,XX,31
25860,Otukpo,XX,XX,31
15473,Sandy Springs,XX,XX,31
28263,"Montgrí, Medes Islands and Baix Ter Natural Park",XX,XX,31
27876,Peshkopi,XX,XX,31
10174,Koraput,XX,XX,31
25527,Boucherville,XX,XX,31
28156,Zhongmu County,XX,XX,31
27128,Paratge Natural d'Interès Nacional de l'Albera,XX,XX,30
25836,Potiskum,XX,XX,30
18168,Viljandi,XX,XX,30
28223,Sant Cugat del Vallès,XX,XX,30
22161,Botanical tourism,XX,XX,30
27846,Someren,XX,XX,30
26146,La Prairie,XX,XX,30
16026,Shellharbour,XX,XX,30
19152,Skowhegan,XX,XX,29
27106,Khankendi,XX,XX,29
24280,Södermalm heights tour,XX,XX,29
22324,Noord-Beveland,XX,XX,29
25732,Apapa,XX,XX,29
20131,Lac-Mégantic,XX,XX,29
22313,South Tangerang,XX,XX,29
28136,Serra de Montsant Natural Park,XX,XX,29
25817,Karu,XX,XX,29
18507,West Bank,XX,XX,29
17132,Taroko Gorge,XX,XX,28
22000,European classical music,XX,XX,28
26135,Hiking in Kosciuszko National Park,AU,AU,28
21114,Františkovy Lázně,XX,XX,28
25649,Agege,XX,XX,27
12626,Napili,XX,XX,27
28168,Huainan,XX,XX,27
11385,Manali,XX,XX,27
15058,Rohnert Park,XX,XX,27
27146,Northern Okinawa,XX,XX,27
20613,Kokand,XX,XX,27
25765,Lagos City/Ikoyi,XX,XX,27
27261,Aigüestortes i Estany de Sant Maurici National Park,XX,XX,27
26168,Istog,XX,XX,27
16297,Slyudyanka,XX,XX,27
27842,Sint Anthonis,XX,XX,26
26482,Karlovo,XX,XX,26
23280,Antsiranana,XX,XX,26
28032,Val Demone Wine Region,XX,XX,26
28009,Indian Lake Region,XX,XX,26
12399,Muang Ngoi Neua,XX,XX,26
15254,Saint-Constant,XX,XX,25
26208,Contrecoeur,XX,XX,25
25436,Driggs,XX,XX,25
25859,Funtua,XX,XX,25
28337,Llafranc,XX,XX,25
26962,Collserola Natural Park,XX,XX,25
20223,Darkhan,XX,XX,25
26640,Dark Sky Parks in Europe,XX,XX,25
25708,Ketu,XX,XX,25
19740,Marathon race,JP,JP,25
18596,West Warwick,XX,XX,25
26130,Danish Empire,NO,NO,25
25898,Odigbo,XX,XX,25
17692,Trumansburg,XX,XX,25
26115,Debed Canyon,XX,XX,24
28202,Skelmersdale,XX,XX,24
27015,Sculpture,XX,XX,24
24028,Güímar,XX,XX,24
28105,Architecture of Buffalo,XX,XX,24
23954,Skopje/Karpoš,XX,XX,24
21512,Nanyuki,XX,XX,24
23957,Changhua,XX,XX,24
23478,Main-Danube Canal,XX,XX,24
27097,Teguise,XX,XX,23
25116,Jalingo,XX,XX,23
24977,Nordic monarchies,NO,NO,23
22957,Huangmei,XX,XX,23
26065,Congleton,XX,XX,23
18261,Vulcano,XX,XX,23
25535,Saint-Étienne-des-Grès,XX,XX,23
26247,Longue-Pointe-de-Mingan,XX,XX,23
19098,Zhunan,XX,XX,23
28346,Eaglesham,XX,XX,23
21748,Ashland City,XX,XX,23
25839,Kwali,XX,XX,23
25102,Sandakphu–Phalut Trek,XX,XX,23
27973,Ramanagara,XX,XX,23
28290,U.S. Highway 101,XX,XX,23
11384,Manalapan,XX,XX,23
17891,Upper Galilee,XX,XX,23
16530,Spennymoor,XX,XX,22
25098,Sapele,XX,XX,22
22736,Nanxun,XX,XX,22
12641,Narragansett,XX,XX,22
24024,Xinzhuang,XX,XX,22
24891,Brewarrina,XX,XX,22
24039,Cabagan,XX,XX,22
27780,Berga,XX,XX,22
9913,Khinalug,XX,XX,22
23729,Zalakaros,XX,XX,22
5496,Central Nordsjælland,XX,XX,22
26856,Jojutla,XX,XX,21
15440,San Cristóbal de las Casas,XX,XX,21
24049,Indang,XX,XX,21
26122,Vlychada,XX,XX,21
21866,Quadra Island,XX,XX,21
26461,Boyolali,XX,XX,21
25643,Isolo,XX,XX,21
26552,Anyigba,XX,XX,21
25727,Somolu,XX,XX,21
24229,Carpets,XX,XX,21
21023,Vanderhoof,XX,XX,21
23151,Minneapolis–Saint Paul International Airport,XX,XX,21
25635,Ikom,XX,XX,21
19886,Santa Isabel,XX,XX,21
25909,Ozoro,XX,XX,21
28116,Els Ports Natural Park,XX,XX,21
23086,Franklinville,XX,XX,21
27354,Türi,XX,XX,21
25641,Igbeti,XX,XX,21
20059,North Valley,XX,XX,21
18118,Vevčani,XX,XX,21
17184,Tällberg,XX,XX,21
17342,Thong Nai Pan,XX,XX,21
17944,Uzbekistan,XX,XX,21
9467,Jom Jang,XX,XX,20
25135,Ned Kelly tourism,XX,XX,20
24006,Sanzhi,XX,XX,20
25999,Madonna di Campiglio,XX,XX,20
25830,Ethiope,XX,XX,20
25696,Ikenne,XX,XX,20
25060,European Route of Industrial Heritage,XX,XX,20
26317,Viti,XX,XX,20
27186,Sant Llorenç del Munt i l'Obac Natural Park,XX,XX,20
15651,Sanuki,XX,XX,20
28323,Mount Slamet,XX,XX,20
16541,Spitzkoppe,XX,XX,20
26537,L'Île-Rousse,XX,XX,20
26138,Vermilion Cliffs National Monument,XX,XX,20
21059,Claresholm,XX,XX,20
21751,Kainan,XX,XX,20
15170,Rural Montgomery County,XX,XX,20
19274,Mannarkkad,XX,XX,20
23567,Nakhchivan (city),XX,XX,20
27487,Bécancour,XX,XX,19
23022,Northern Gran Canaria,XX,XX,19
15663,Saqqara,XX,XX,19
28128,Delta de l'Ebre Natural Park,XX,XX,19
24086,Nonsan,XX,XX,19
27084,Sant Pere Pescador,XX,XX,19
26043,Saint-Basile-le-Grand,XX,XX,19
27753,Tongnan,XX,XX,19
15996,Sharonville,XX,XX,19
21496,World War I,FR,FR,19
15577,Santa Ana (El Salvador),XX,XX,19
18833,Wynyard,XX,XX,19
18828,Wuzhishan,XX,XX,19
27449,Biu,XX,XX,19
10505,San Cristóbal de La Laguna,XX,XX,19
25878,Ido Ekiti,XX,XX,19
26915,Eura and surroundings,XX,XX,19
21331,Patan (Gujarat),XX,XX,19
28076,Tewantin,XX,XX,19
26462,Purworejo,XX,XX,19
24054,Sanxia,XX,XX,18
17894,Upper Sandusky,XX,XX,18
22529,Järvsö,XX,XX,18
17801,Tybee Island,XX,XX,18
26958,Kiviõli,XX,XX,18
28447,Qujing,XX,XX,18
18914,Yaroslavl,XX,XX,18
16232,Sisian,XX,XX,18
18258,Vrindavan,XX,XX,18
24201,Dongshan,XX,XX,18
27468,Felipe Carrillo Puerto,XX,XX,18
16901,Swansboro,XX,XX,18
25509,Saint-Mathieu-du-Parc,XX,XX,18
15527,San Juan Capistrano,XX,XX,18
26508,Gresik,XX,XX,18
28216,Cadí-Moixeró Natural Park,XX,XX,18
15919,Sequoia and Kings Canyon National Parks,XX,XX,18
21635,Calabash,XX,XX,18
25957,Ilaje,XX,XX,18
21408,Danao,XX,XX,18
27674,Greater Orlando public transit,XX,XX,18
28333,Palafrugell,XX,XX,18
23141,Shikarpur (Sindh),XX,XX,18
26330,Batang,XX,XX,18
21129,Lewisporte,XX,XX,18
27346,Klinë,XX,XX,18
24611,Gyeongsan,XX,XX,18
23983,Morotai Island,XX,XX,18
18854,Xindian,XX,XX,18
27691,Ancient Rome tour,XX,XX,18
15248,Sainshand,XX,XX,18
18891,Yanai,XX,XX,18
22029,Maroneia,XX,XX,17
27215,Furnas,XX,XX,17
25766,Grande-Terre,XX,XX,17
27083,Istanbul with children,XX,XX,17
26169,Vushtrri,XX,XX,17
26112,Redland City,XX,XX,17
26999,Cap de Creus Natural Park,XX,XX,17
27170,Jičín,XX,XX,17
15600,Santa Eulària des Riu,XX,XX,17
27160,Bullfighting,PT,PT,17
24460,Hornby Island,XX,XX,17
17106,Tanzania,XX,XX,17
23680,Bawean,XX,XX,17
25665,Lagos City/Lekki,XX,XX,17
27226,Fügen,XX,XX,17
20541,Santa Monica Mountains National Recreation Area,XX,XX,17
27647,Tongchuan,XX,XX,17
16800,Sugarcreek,XX,XX,17
26165,Klaksvík,XX,XX,17
26803,Finström,XX,XX,17
19589,Naousa (Paros),XX,XX,17
27852,Banyoles,XX,XX,17
21194,Platanidia,XX,XX,17
16518,Sparks,XX,XX,17
24420,Starnberg,XX,XX,17
28301,Rila,XX,XX,17
11335,Malabon,XX,XX,17
27036,Cold Winter Deserts of Turan,XX,XX,17
23665,Zalaszentgrót,XX,XX,16
15311,Saipan,XX,XX,16
22019,Qarshi,XX,XX,16
25625,Aldan,XX,XX,16
27888,Les Borges Blanques,XX,XX,16
20060,South Valley,XX,XX,16
26470,Caleta de Fuste,XX,XX,16
27080,Haría,XX,XX,16
25216,The Flashman Papers,XX,XX,16
17384,Tikal,XX,XX,16
17053,Talihina,XX,XX,16
27540,Jeseník,XX,XX,16
24796,Guazhou,XX,XX,16
24244,Sariaya,XX,XX,16
23345,Lucban,XX,XX,16
27042,The Persian Caravanserai,XX,XX,16
23865,Epupa Falls,XX,XX,16
25648,Bida,XX,XX,16
25124,Wukari,XX,XX,16
26698,Roslyn,XX,XX,16
27286,Wolaita Sodo,XX,XX,16
20157,Baranti,XX,XX,16
28095,Alt Pirineu Natural Park,XX,XX,16
18346,Wandoor,XX,XX,16
25736,Ewekoro,XX,XX,16
28021,Paraguay national parks,XX,XX,15
26137,Grand Canyon–Parashant National Monument,XX,XX,15
15727,Savannakhet,XX,XX,15
16540,Spiš,XX,XX,15
18827,Wuyuan,XX,XX,15
20735,Anoka,XX,XX,15
20192,Denarau,XX,XX,15
28309,Vallbona de les Monges,XX,XX,15
12758,New Albany,XX,XX,15
23603,Rock and roll,XX,XX,15
25500,Yarrangobilly Caves,XX,XX,15
26216,Sainte-Anne-de-Sorel,XX,XX,15
23042,Le Corbusier World Heritage,XX,XX,15
16485,South Portland,XX,XX,15
27591,Zuru,XX,XX,15
27191,Taijiang,XX,XX,15
26075,Penicuik,XX,XX,15
28016,Domus de janas in Sardinia,XX,XX,15
21916,Outer Islands and Mainland Inlets,XX,XX,15
25390,Ciales,XX,XX,15
25752,Bodija,XX,XX,15
18286,Waianae,XX,XX,15
24472,Beigan,XX,XX,15
19062,Zaporizhzhia,XX,XX,15
24702,Garching,XX,XX,15
25476,Choteau,XX,XX,15
21655,Mpanda,XX,XX,15
28296,Santes Creus,XX,XX,15
18521,Western Barbados,XX,XX,15
20636,Mattanur,XX,XX,15
26435,Santa Cruz de la Palma,XX,XX,15
20552,Engaru,XX,XX,15
18504,West Allis,XX,XX,15
19907,Al Shamal,XX,XX,15
27883,Moià,XX,XX,15
23859,Cedarville,XX,XX,15
23640,Tutrakan,XX,XX,15
22819,Neuland,XX,XX,15
26422,Trenggalek,XX,XX,15
16682,St Levan,XX,XX,15
21412,Olango Island,XX,XX,14
25741,Ihiala,XX,XX,14
27757,Terrassa,XX,XX,14
25658,Auchi,XX,XX,14
22911,Jablanica,XX,XX,14
15237,Saguaro National Park,XX,XX,14
26778,Seil,XX,XX,14
22511,Jianshui,XX,XX,14
24817,Faridpur,XX,XX,14
26227,Otterburn Park,XX,XX,14
25797,Oyigbo,XX,XX,14
19716,Anderson Island,XX,XX,14
27120,Tiwai Island,XX,XX,14
26110,Culturally significant landscapes in Huelva,XX,XX,14
18002,Valparai,XX,XX,14
26361,Pati,XX,XX,14
23678,Mardi Himal trek,XX,XX,14
25680,Odukpani,XX,XX,14
17997,Valleyview,XX,XX,14
26132,Lidingö history tour,XX,XX,14
21749,Arrowsmith Coombs Country,XX,XX,14
19236,National Harbor,XX,XX,14
27721,Fundy-St. Martins,XX,XX,14
24261,Nagymaros,XX,XX,14
17043,Takoma Park,XX,XX,14
15993,Šarkaŭščyna,XX,XX,14
26083,Budakeling,XX,XX,14
22049,Rutland Water,XX,XX,14
21732,Bakhmaro,XX,XX,14
27649,East Central Regional Rail Trail,XX,XX,14
18987,Yosemite National Park,XX,XX,14
23772,Philadelphia International Airport,XX,XX,14
20703,Cauayan (Isabela),XX,XX,14
28154,Pujiang,XX,XX,14
22252,Stendal,XX,XX,14
23753,Upper Marlboro,XX,XX,14
24141,Törökbálint,XX,XX,14
26467,Ahmedabad Heritage Walk,XX,XX,14
15472,Sandy Hook,XX,XX,14
26629,Maardu,XX,XX,14
24043,Marilao,XX,XX,14
22746,Kaieteur National Park,XX,XX,13
25943,Akwanga,XX,XX,13
20302,Tonawanda,XX,XX,13
20148,Schiller Park,XX,XX,13
18317,Waldport,XX,XX,13
23827,Franconian cuisine,XX,XX,13
20994,Novi Pazar,XX,XX,13
24390,Market Harborough,XX,XX,13
27010,Tayug,XX,XX,13
27870,Falset,XX,XX,13
21097,San Francisco International Airport,XX,XX,13
12356,Mount Rainier National Park,XX,XX,13
26468,Sragen,XX,XX,13
27533,Binjai,XX,XX,13
26535,Sidoarjo,XX,XX,13
23717,Banda Neira,XX,XX,13
24435,Valemount,XX,XX,13
22772,Llantrisant,XX,XX,13
16238,Sitapur,XX,XX,13
26220,Saint-Denis-sur-Richelieu,XX,XX,13
27140,Amer,XX,XX,13
15429,San Bruno,XX,XX,13
27254,Kyustendil,XX,XX,13
18314,Walcha,XX,XX,13
24357,Skopje/Matka Canyon,XX,XX,13
26291,Payakumbuh,XX,XX,13
23854,Himarë,XX,XX,13
17784,Tuvalu,XX,XX,13
16501,Southwest Harbor,XX,XX,13
24205,Wood Islands,XX,XX,13
18525,Western Galilee,XX,XX,13
28311,Mandalika,XX,XX,13
26540,Aléria,XX,XX,13
27178,Culturally significant landscapes in Granada,XX,XX,13
27490,Razgrad,XX,XX,13
18917,Yarra Valley,XX,XX,13
28010,Marettimo,XX,XX,13
11548,Marina del Rey,XX,XX,13
24189,Yuanshan,XX,XX,13
24061,Shuangxi,XX,XX,13
23487,Kfar Saba,XX,XX,13
25359,Batiscan,XX,XX,13
20167,Garh Panchkot,XX,XX,13
27980,Val di Mazara Wine Region,XX,XX,13
24027,Taishan District,XX,XX,13
20858,Arlington National Cemetery,XX,XX,13
25520,Tong,XX,XX,13
22999,Karlsöarna,XX,XX,13
27297,Ahuachapan,XX,XX,13
28437,Alta Via 2,XX,XX,13
22504,Standing Rock,XX,XX,13
24714,Beigang,XX,XX,13
16193,Simunjan,XX,XX,13
26873,Kurikka,XX,XX,13
26497,Bibiani,XX,XX,12
23771,Devils Marbles Conservation Reserve,XX,XX,12
25339,Lac-Édouard,XX,XX,12
26140,Kaltungo,XX,XX,12
28199,Ahualulco,XX,XX,12
26261,Aguanish,XX,XX,12
17622,Trashigang,XX,XX,12
25386,Barranquitas,XX,XX,12
15441,Sancti Spíritus,XX,XX,12
25721,Azare,XX,XX,12
11085,Los Olivos,XX,XX,12
22868,Little Valley,XX,XX,12
26429,Marieville,XX,XX,12
19583,Ramanattukara,XX,XX,12
15825,Diving in the British Virgin Islands,XX,XX,12
23441,Marvel Cinematic Universe,XX,XX,12
27811,Sort,XX,XX,12
28319,Hechuan,XX,XX,12
25063,Omu-Aran,XX,XX,12
22222,Swiss Alps Jungfrau-Aletsch,XX,XX,12
18916,Yarragon,XX,XX,12
25523,Repentigny,XX,XX,12
26098,Culturally significant landscapes in Almería,XX,XX,12
17343,Thong Sala,XX,XX,12
25230,Areni,XX,XX,12
21082,Sainte-Anne-des-Monts,XX,XX,12
24938,National Route 83,AU,AU,12
17764,Turkestan,XX,XX,12
26287,Rivière-aux-Outardes,XX,XX,12
23914,Vilanova i la Geltrú,XX,XX,12
26352,Mogo,XX,XX,12
26745,Koplik,XX,XX,12
26558,Orimattila,XX,XX,12
25984,Zec des Martres,XX,XX,12
17938,Uvalde,XX,XX,12
19215,Columbia Falls,XX,XX,12
22683,Tapak Tuan,XX,XX,12
28153,Dongtai,XX,XX,12
23406,Scano di Montiferro,XX,XX,12
21140,El Verano,XX,XX,12
16323,Soc Trang,XX,XX,12
25570,Székesfehérvár district,XX,XX,12
15001,Roatán,XX,XX,12
27387,Perris,XX,XX,12
22784,Nordic Noir,XX,XX,12
19120,Zoar,XX,XX,12
17707,Tskhinvali,XX,XX,12
19546,Iron Range,XX,XX,12
17214,Telegraph Cove,XX,XX,12
20650,Sandstone,XX,XX,12
24368,Wildlife of the Southern Ocean,XX,XX,12
24034,Valbona Valley National Park,XX,XX,12
21445,Kakamega Rainforest,XX,XX,12
22914,Jvari,XX,XX,12
27907,Nambucca Heads,XX,XX,12
27199,Trebišov,XX,XX,12
21801,Sumbawanga,XX,XX,12
24514,Kitwanga,XX,XX,12
24373,Bantul,XX,XX,12
22434,Liptovska Mara,XX,XX,12
21574,Ocean liners,XX,XX,12
21264,Varzaneh,XX,XX,12
28441,Diwali,GB,GB,12
26895,Lappeenranta countryside,XX,XX,11
27745,Lapplandsleden,XX,XX,11
16984,Tacuarembó,XX,XX,11
21599,Neubrandenburg,XX,XX,11
16622,St Buryan,XX,XX,11
25976,Saint-Leu,XX,XX,11
25866,Ilara-Mokin,XX,XX,11
26707,Sombor,XX,XX,11
25781,Abak,XX,XX,11
25934,Akko (Gombe),XX,XX,11
20783,Júzcar,XX,XX,11
25885,Gbongan,XX,XX,11
24162,Guigang,XX,XX,11
20967,Maldonado,XX,XX,11
24664,Mostaganem,XX,XX,11
27013,Sivrihisar,XX,XX,11
27082,Sant Feliu de Guíxols,XX,XX,11
26747,Vau i Dejës,XX,XX,11
27105,Parc del Garraf,XX,XX,11
18236,Volcano Village,XX,XX,11
23026,Central Gran Canaria,XX,XX,11
19982,O.R. Tambo International Airport,XX,XX,11
24133,Carraroe,XX,XX,11
23459,Arslanbob,XX,XX,11
25834,Ibokun,XX,XX,11
25086,Ilaro,XX,XX,11
21141,Sarnico,XX,XX,11
27376,Griswold,XX,XX,11
27544,Durga Puja,XX,XX,11
17329,Thirukkarugavur,XX,XX,11
25961,Njobbore,XX,XX,11
26158,South Penghu Marine National Park,XX,XX,11
17998,Valley View,XX,XX,11
26280,Godbout,XX,XX,11
26405,Klaten,XX,XX,11
27219,Horna Orava,XX,XX,11
18444,Wayland,XX,XX,11
18879,Yalta,XX,XX,11
20338,Levanzo,XX,XX,11
22153,Nichinan,XX,XX,11
19874,Nuclear tourism,XX,XX,11
26081,Orocovis,XX,XX,11
25713,Starke,XX,XX,11
26268,Rivière-Saint-Jean,XX,XX,11
25940,Efon-Alaaye,XX,XX,11
18029,Van Horn,XX,XX,11
25451,Notre-Dame-du-Mont-Carmel,XX,XX,11
26089,Martvili,XX,XX,11
10263,Kuala Kangsar,XX,XX,11
24890,Walgett,XX,XX,11
16592,Standish,XX,XX,11
17054,Talin,XX,XX,11
25503,Suleja,XX,XX,11
25724,Oba,XX,XX,11
27847,Balaguer,XX,XX,11
26626,Gicumbi,XX,XX,11
27730,Miles,XX,XX,11
15128,Rottingdean,XX,XX,11
22949,Searchlight,XX,XX,11
22379,Troutdale,XX,XX,11
21696,Cloghane,XX,XX,11
26402,Bichi,XX,XX,11
26156,Mount Merbabu National Park,XX,XX,11
25897,Binji,XX,XX,11
27835,Tàrrega,XX,XX,11
22715,Damyang,XX,XX,11
27955,Ecuador national parks,XX,XX,11
24716,Karabakh,XX,XX,10
28250,Payson,XX,XX,10
20765,Ranipur,XX,XX,10
25015,Old Oyo National Park,XX,XX,10
24744,Alaminos (Laguna),XX,XX,10
21233,Tarui,XX,XX,10
28378,Sindoro-Sumbing,XX,XX,10
22867,Cattaraugus,XX,XX,10
27005,Manaoag,XX,XX,10
22264,Land of the Red Rocks,XX,XX,10
27611,Fengbin,XX,XX,10
23023,Southern Gran Canaria,XX,XX,10
25953,Joggins,XX,XX,10
19264,Petralia Sottana,XX,XX,10
27171,Calkini,XX,XX,10
18428,Waterville Valley,XX,XX,10
27809,Tremp,XX,XX,10
10337,Ku-ring-gai Chase National Park,XX,XX,10
24717,Dounan,XX,XX,10
18435,Wau (South Sudan),XX,XX,10
25231,Schmallenberg,XX,XX,10
23186,Kpalime,XX,XX,10
17866,Umm al Quwain,XX,XX,10
25703,Tigers,XX,XX,10
16897,Sveti Stefan,XX,XX,10
24239,Vonyarcvashegy,XX,XX,10
24078,Borden-Carleton,XX,XX,10
26496,Agona,XX,XX,10
15212,Sabinal,XX,XX,10
21289,Shardlow,XX,XX,10
26377,Southern Ocean County,XX,XX,10
27789,Montblanc,XX,XX,10
23358,Talisay (Cebu),XX,XX,10
27250,Nymburk,XX,XX,10
26265,Baie-Johan-Beetz,XX,XX,10
11421,Mandya,XX,XX,10
11514,Marausa,XX,XX,10
25453,Zec Jeannotte,XX,XX,10
27202,Allegany State Park,XX,XX,10
22754,Gurjaani,XX,XX,10
26322,Guptipara,XX,XX,10
20692,Alaminos,XX,XX,10
22716,Tankavaara,XX,XX,10
28310,Pabellón de Arteaga,XX,XX,10
28328,Nanchuan,XX,XX,10
26486,Contai,XX,XX,10
11210,Maasai Mara National Reserve,XX,XX,10
20166,Kings Langley,XX,XX,10
24311,Santana core,XX,XX,10
27626,South Stradbroke Island,XX,XX,10
22577,Salar de Uyuni,XX,XX,10
25393,Corozal (Puerto Rico),XX,XX,10
25728,Doral,XX,XX,10
23021,Jinshan (New Taipei),XX,XX,10
13014,North Canton,XX,XX,10
23615,Warwick Parish,XX,XX,10
27692,Marinette,XX,XX,10
17062,Talysh Region,XX,XX,10
25354,Saint-Narcisse,XX,XX,10
19381,Bearsden,XX,XX,10
26498,Nalerigu,XX,XX,10
25768,Eket,XX,XX,10
23320,Narok,XX,XX,10
26411,Karanganyar,XX,XX,10
21425,Valmiera,XX,XX,10
26365,Wildlife of Madagascar,XX,XX,10
25539,Saint-Barnabé,XX,XX,10
27424,Rakovski,XX,XX,10
28268,Omeo,XX,XX,10
28412,Berlanga de Duero,XX,XX,10
26682,Chard,XX,XX,10
26463,Urunga,XX,XX,10
15550,San Miguel (El Salvador),XX,XX,10
24450,Janjgir,XX,XX,10
16478,South Luangwa National Park,XX,XX,10
27843,Boekel,XX,XX,10
23731,Isulan,XX,XX,10
25466,Connersville,XX,XX,10
20710,Tabuk (Kalinga),XX,XX,10
25729,Live Oak,XX,XX,10
15501,Sangkhla Buri,XX,XX,10
25902,Ode Omu,XX,XX,10
27594,Apsley Falls,XX,XX,10
18536,West Fargo,XX,XX,10
16440,Southern Tasmania,AU,AU,10
25299,Natural harbours,XX,XX,10
20850,Roanoke Rapids,XX,XX,10
27798,El Pont de Suert,XX,XX,9
26092,Overland Track,XX,XX,9
15574,San Simeon,XX,XX,9
25877,Ipetumodu,XX,XX,9
10200,Kota Bharu,XX,XX,9
22532,Cannabis,XX,XX,9
23686,Polillo Island,XX,XX,9
14793,Río Plátano Biosphere Reserve,XX,XX,9
27599,Gapado,XX,XX,9
27572,Berthierville,XX,XX,9
23088,Canso,XX,XX,9
28392,Pujon,XX,XX,9
22561,Annapolis Royal,XX,XX,9
24550,Brookmans Park,XX,XX,9
24471,Wells Gray Provincial Park,XX,XX,9
24206,Martonvásár,XX,XX,9
17417,Tirta Gangga,XX,XX,9
16095,Shizuishan,XX,XX,9
22608,Breweries in Franconia,XX,XX,9
18583,West Rand,ZA,ZA,9
26903,Sund,XX,XX,9
27194,Žiar nad Hronom,XX,XX,9
24736,Cedartown,XX,XX,9
28209,Canaries,XX,XX,9
28358,Polangui,XX,XX,9
21229,Beinan,XX,XX,9
26284,Manicouagan,XX,XX,9
26319,Mojácar,XX,XX,9
22198,T. Narsipur,IN,IN,9
26125,Kwekwe,XX,XX,9
16569,Olympic Valley,XX,XX,9
19395,Spiritwood,CA,CA,9
27328,Bell and Mount Wilson,XX,XX,9
26344,Tasman and South East,XX,XX,9
15049,Rocky Mountain National Park,XX,XX,9
27629,Jere,XX,XX,9
19439,Mardan,XX,XX,9
16382,Songpan,XX,XX,9
26054,Long Melford,XX,XX,9
27971,Cimarron,MX,MX,9
27781,Snoqualmie Valley,XX,XX,9
26395,Pasuruan,XX,XX,9
21226,Changbin,XX,XX,9
12341,Santa Catalina Mountains,XX,XX,9
25669,Ikire,XX,XX,9
25242,Marksville,XX,XX,9
21236,Andasibe-Mantadia National Park,XX,XX,9
27992,Larrau,XX,XX,9
19260,St. Martinville,XX,XX,9
24802,Central Wirral,XX,XX,9
25410,Lares,XX,XX,9
25420,Sainte-Anne-de-la-Pérade,XX,XX,9
16154,Sihanoukville,XX,XX,9
26596,Nok,XX,XX,9
25421,Moapa Valley,XX,XX,9
23174,Oughterard,XX,XX,9
21163,Indus Valley Civilisation,IN,IN,9
19912,Ebey's Landing National Historical Reserve,XX,XX,9
16604,Staples,XX,XX,9
24787,Llangynwyd,XX,XX,9
15259,Sainte-Anne,XX,XX,9
18027,Vanderkloof,ZA,ZA,9
14654,Quetzaltenango,XX,XX,9
25226,Central Union County,XX,XX,9
15922,Seremban,XX,XX,9
26913,Kota Agung,XX,XX,9
18073,Velez Blanco,XX,XX,9
27584,Fufore,XX,XX,9
24537,Boca Grande,XX,XX,9
16376,Sonargaon,XX,XX,9
28204,Gombi,XX,XX,9
25248,Tandzaver,XX,XX,9
20121,Lyman,XX,XX,9
15837,Searsport,XX,XX,9
24266,Mengshan,XX,XX,9
22936,Bogdanci,XX,XX,9
26499,Keta,XX,XX,9
28299,Oranmore,XX,XX,9
26501,Walewale,XX,XX,9
27783,Ripoll,XX,XX,9
25450,Obedjiwan,XX,XX,9
28115,Botnialeden,SE,SE,9
22523,Christmas and New Year travel,ES,ES,9
16688,St. Mary's City,XX,XX,9
20410,Hawzien,XX,XX,9
26488,Yendi,XX,XX,9
16519,Sparks Glencoe,XX,XX,9
19383,Gračanica (Kosovo),XX,XX,9
20740,Ashmyany,XX,XX,9
25481,Isaszeg,XX,XX,9
26818,Yulee,XX,XX,9
26571,The Oranges,XX,XX,9
28022,Cluny,XX,XX,9
23382,Paget Parish,XX,XX,9
18048,Varshets,XX,XX,9
28459,Gapan,XX,XX,9
27245,Kolín,XX,XX,9
23291,Korean cuisine,CN,CN,8
15780,Scalloway,XX,XX,8
16418,South Bali,XX,XX,8
19109,Zion National Park,XX,XX,8
27875,Utjeha,XX,XX,8
28222,Colònia de Sant Jordi,XX,XX,8
24632,Southern Harbor of Malta,XX,XX,8
25978,Gembu,XX,XX,8
14621,Quanah,XX,XX,8
20493,Kap Arkona,XX,XX,8
26502,Muhanga,XX,XX,8
20170,Falköping,XX,XX,8
22178,Alūksne,XX,XX,8
22457,Faribault,XX,XX,8
27110,Vic (Barcelona),XX,XX,8
28024,Weikersheim,XX,XX,8
22964,Ungaran,XX,XX,8
25549,Várpalota,XX,XX,8
27004,Mabini (Pangasinan),XX,XX,8
27275,Ezeagu Tourist Complex,XX,XX,8
26744,Milot (Albania),XX,XX,8
26014,Merritt Island,XX,XX,8
28028,Budge Budge,XX,XX,8
22738,Souris (Prince Edward Island),XX,XX,8
25820,Milestone−Rouleau−Avonlea,XX,XX,8
18896,Yangmingshan National Park,XX,XX,8
25936,Kumo,XX,XX,8
26340,Modisi,ID,ID,8
26974,Dungog,XX,XX,8
15628,Santa Teresa (Costa Rica),XX,XX,8
28317,Fengdu,XX,XX,8
25796,Ijora,XX,XX,8
25598,Eger district,XX,XX,8
16050,Sherwood Park,XX,XX,8
20194,Aruküla,XX,XX,8
25777,Itu (Akwa Ibom),XX,XX,8
15790,Schaan,XX,XX,8
16336,Sohar,XX,XX,8
19319,Arcot and Ranipet,XX,XX,8
27209,Binmaley,XX,XX,8
26222,Saint-Charles-sur-Richelieu,XX,XX,8
13189,Nusa Lembongan,XX,XX,8
23799,Shush (Iran),XX,XX,8
27377,Telde,XX,XX,8
26718,Coronallacs,XX,XX,8
28160,Voskopoja,XX,XX,8
28360,Tides and currents,XX,XX,8
27868,Vikøyri,XX,XX,8
28239,Sonarpur,XX,XX,8
23137,Fethard,XX,XX,8
27144,Bhagwal,XX,XX,8
17387,Tilarán,XX,XX,8
22122,Santiago de Veraguas,XX,XX,8
23616,Devonshire Parish,XX,XX,8
24575,Diamond Triangle (Odisha),XX,XX,8
22977,Narromine,XX,XX,8
26410,Erving,XX,XX,8
19944,Newark Liberty International Airport,XX,XX,8
28295,Yang Highland Wildlife Sanctuary,XX,XX,8
24439,Wells-Barkerville,XX,XX,8
25304,Tomaree National Park,XX,XX,8
26783,Rääkkylä,FI,FI,8
24739,Haiduan,XX,XX,8
24691,Central German Lake District,XX,XX,8
11521,Marco Island,XX,XX,8
22566,Tantramar,XX,XX,8
25424,Saint-Stanislas,XX,XX,8
26491,Yeji,XX,XX,8
15046,Rockwood Park,XX,XX,8
24088,Central Jiangmen,XX,XX,8
25362,Barceloneta (Puerto Rico),XX,XX,8
27985,Monte Cofano Nature Reserve,XX,XX,8
26485,Andul,XX,XX,8
28475,Xiulin Township,XX,XX,8
27484,Czerniejewo,XX,XX,8
23388,Visiting company headquarters,XX,XX,8
26902,Saltvik,XX,XX,8
21783,Potters Bar,XX,XX,8
21824,Värnamo,XX,XX,8
26204,Donalda and Forestburg,XX,XX,8
25080,Idanre,XX,XX,8
11468,Manjeri,XX,XX,8
27924,Gilgandra,XX,XX,8
19339,Charmouth,XX,XX,8
27539,Batu Islands,XX,XX,8
25740,Illah Bunu,XX,XX,8
26182,Balranald,XX,XX,8
22973,Man (Côte d'Ivoire),XX,XX,8
25737,Idah,XX,XX,8
27890,Carcoar,XX,XX,8
23097,Hamad International Airport,XX,XX,8
26218,Saint-Ours,XX,XX,8
25774,Ikot Ekpene,XX,XX,8
22098,Tranent,XX,XX,8
26907,Hausjärvi,XX,XX,8
27434,Gwoza,XX,XX,8
27939,Gränsleden,NO,NO,8
15636,Santiago de Cuba,XX,XX,8
23726,Rangpur (Bangladesh),XX,XX,8
22332,Sawarna,ID,ID,8
14613,Galilee Panhandle,XX,XX,8
20176,Horn Island,XX,XX,8
26376,Banjarnegara,XX,XX,8
15201,Saariselkä,XX,XX,8
21006,Lempäälä,XX,XX,8
28394,Taichung/Coast Line,XX,XX,8
28182,Gwadabawa,XX,XX,8
22494,Port St Mary,XX,XX,8
27586,Greenwater,XX,XX,8
27738,Idar,XX,XX,8
26337,Maerdy,XX,XX,7
23047,Jourdanton,XX,XX,7
15907,Seneca Falls,XX,XX,7
18178,Villarrica,XX,XX,7
25433,Bigfork,XX,XX,7
27779,Thallon,XX,XX,7
16013,Shei-pa National Park,XX,XX,7
25887,Viswema,XX,XX,7
28057,Parc d'Olèrdola,XX,XX,7
15603,Santa Fe de Antioquia,XX,XX,7
13670,Panaca,XX,XX,7
11591,Marshallville,XX,XX,7
18206,Virgin Islands National Park,XX,XX,7
24734,Daren,XX,XX,7
18812,Wrangell-St. Elias National Park and Preserve,XX,XX,7
23256,Sandane,NO,NO,7
25045,Kamuku National Park,XX,XX,7
24050,Granadilla de Abona,XX,XX,7
26608,Ngororero,XX,XX,7
25547,Mount Field National Park,XX,XX,7
20839,Sehwan,XX,XX,7
25572,Narawntapu National Park,XX,XX,7
26413,Siikainen,FI,FI,7
26026,Saint-Bruno-de-Montarville,XX,XX,7
20417,Barker,XX,XX,7
27073,Coronado (Panama),XX,XX,7
17996,Valley of 1000 Hills,ZA,ZA,7
27471,Malumfashi,XX,XX,7
27605,Snorkeling and freediving in Mauritius,XX,XX,7
27590,Aleiro,XX,XX,7
27833,Tortosa,XX,XX,7
28174,Sukna,XX,XX,7
17798,Two Harbors,XX,XX,7
26587,Zonkwa,XX,XX,7
23025,Western Gran Canaria,XX,XX,7
21958,Honavar,XX,XX,7
11683,Mayne Island,XX,XX,7
16953,Syrian Desert,XX,XX,7
25423,Post Falls,XX,XX,7
27227,Hardin,XX,XX,7
18059,Vágar,FO,FO,7
25369,Manatí (Puerto Rico),XX,XX,7
24275,Leányfalu,XX,XX,7
26239,Tualatin,XX,XX,7
26924,Gedong Tataan,ID,ID,7
26712,Etruscans,IT,IT,7
19487,Pom Pom Island,MY,MY,7
26986,Infanta,XX,XX,7
25849,Muleshoe,XX,XX,7
6954,East Lansing,XX,XX,7
28071,San Pedro de Montes de Oca,XX,XX,7
26763,Tropoja,XX,XX,7
25962,Igando,XX,XX,7
26500,Suhum,XX,XX,7
27576,Dikwa,XX,XX,7
25971,Mubi,XX,XX,7
23937,Yuanmou,XX,XX,7
25427,Saint-Adelphe,XX,XX,7
24889,Collarenebri,XX,XX,7
25366,Cataño,XX,XX,7
28068,Ghandruk,XX,XX,7
16580,Ssese Islands,XX,XX,7
25518,Somesville,XX,XX,7
27303,Pernik,XX,XX,7
22655,Calasiao,XX,XX,7
23363,Sant'Erasmo,AT,AT,7
26155,Kisantu,PT,PT,7
22038,Landscapes from Palagia coast range,XX,XX,7
18953,Yilan County,XX,XX,7
26283,Franquelin,CA,CA,7
15905,Senaru,XX,XX,7
27873,Yusufari,XX,XX,7
27887,Jämtland Triangle,XX,XX,7
24432,Dantewada,XX,XX,7
25017,Abakaliki,XX,XX,7
17691,Truman,XX,XX,7
28121,Sulejówek,XX,XX,7
21511,Chimanimani,XX,XX,7
17774,Tusayan,XX,XX,7
27857,Nguroje,XX,XX,7
26883,Ristijärvi,FI,FI,7
17934,Uttarkashi,XX,XX,7
27378,Ingenio,XX,XX,7
19245,Hiking and backpacking in Israel,XX,XX,7
23874,Thandwe,MM,MM,7
26285,Gundabooka National Park,XX,XX,7
20189,Årjäng,NO,NO,7
26074,Chengjiang,XX,XX,7
25631,Sonoita,XX,XX,7
25456,Zec Borgia,CA,CA,7
9694,Karnala Bird Sanctuary,XX,XX,7
26838,E69,NO,NO,7
25531,Ak-Suu,XX,XX,7
25651,Igangan,XX,XX,7
15728,Savary Island,XX,XX,7
15686,Sarnen,XX,XX,7
25581,Balassagyarmat district,XX,XX,7
19362,Provo Canyon,XX,XX,7
20803,Swabian Mountains,XX,XX,7
27603,Rano,XX,XX,7
8930,Huanghe Hukou Pubu National Park,XX,XX,7
22918,Lodi (Lombardy),XX,XX,7
11376,Mamanuca Islands,XX,XX,7
27581,Chiranci,XX,XX,7
17127,Tari Basin,XX,XX,7
28467,Pūpūkea,XX,XX,7
17122,Tarbet,XX,XX,7
25901,Sulphur Springs,XX,XX,7
27511,Culturally significant landscape in Montoro,XX,XX,7
28265,K-pop,KR,KR,7
27568,Birnin Kudu,XX,XX,7
23131,Agbarho,XX,XX,7
28355,Shoshoni,XX,XX,7
15785,Scanno,XX,XX,7
26120,Rocky Cape National Park,XX,XX,7
17124,Tarcutta,XX,XX,7
11465,Manitou Springs,XX,XX,7
26111,Culturally significant landscapes in Jaén,XX,XX,7
27897,Roslagsleden,SE,SE,7
17138,Tarrytown,XX,XX,7
28422,Tunuyán,AR,AR,7
26813,Balibo,XX,XX,7
18554,West Jutland,DK,DK,7
27838,Wooler,XX,XX,7
28017,Hill City,XX,XX,7
27704,Chalcatzingo,MX,MX,7
25357,Sainte-Geneviève-de-Batiscan,XX,XX,7
25837,Belfield,XX,XX,7
24336,Daraga,XX,XX,7
26102,Great Sandy National Park (Cooloola),XX,XX,7
25600,Bélapátfalva,XX,XX,7
24696,Mary Tavy,XX,XX,7
15531,San Juan Island,XX,XX,7
27707,Yanga National Park,XX,XX,7
26047,Brandon (Suffolk),XX,XX,7
16452,Southern Greenland,XX,XX,7
22284,Skopje/Stara Čaršija,XX,XX,7
25780,Nsit-Ubium,XX,XX,7
15190,Ryazan,XX,XX,7
25952,Dukku,XX,XX,7
10896,Litchfield National Park,XX,XX,7
23683,Pančevo,XX,XX,7
25385,Arroyo (Puerto Rico),XX,XX,7
28064,Ninety Six,XX,XX,7
23072,Podpoľanie,XX,XX,7
26820,Mullens,XX,XX,7
28424,Dvůr Králové nad Labem,XX,XX,7
27069,Halblech,XX,XX,7
25022,Oke Ila Orangun,XX,XX,7
14890,Aberdaron,XX,XX,7
26869,Nykarleby,XX,XX,7
12599,Barsana and Nandgaon,XX,XX,6
19008,Yukon - Charley Rivers National Preserve,CA,CA,6
27871,Blayney,XX,XX,6
15460,Sandnes,XX,XX,6
28252,Konnagar,XX,XX,6
23925,Chrisi Akti Panagias,XX,XX,6
27104,Lake Turkana,XX,XX,6
14626,Quarto d'Altino,XX,XX,6
26229,Saint-Jean-Baptiste,XX,XX,6
26559,Kolaghat,XX,XX,6
27207,Lake Khövsgöl,XX,XX,6
19429,Bharmour,XX,XX,6
22700,Muncho Lake Provincial Park,XX,XX,6
27429,Melka Awash,XX,XX,6
26667,Wellington (Shropshire),XX,XX,6
11539,Strängnäs and Mariefred,XX,XX,6
24634,Northern Harbor of Malta,XX,XX,6
16001,Shawan,XX,XX,6
19358,Delavan,XX,XX,6
25577,Mór,XX,XX,6
20462,Bangassou,XX,XX,6
25557,Kapuvár,XX,XX,6
28425,Elroy,XX,XX,6
18379,Warth and Schröcken,XX,XX,6
27064,Nueva Gorgona,XX,XX,6
11029,Long Beach Island,XX,XX,6
21924,Wisemans Ferry,XX,XX,6
21848,Zeehan,XX,XX,6
25942,Igboho,XX,XX,6
24345,Basin and Range National Monument,XX,XX,6
26380,Alberto de Agostini National Park,CL,CL,6
27184,San Augustine,XX,XX,6
23535,Bafang,XX,XX,6
19416,Dansville,XX,XX,6
13763,Parismina,XX,XX,6
26328,Crozet Islands,XX,XX,6
26635,Dahlak Marine National Park,XX,XX,6
26481,Pooncarie,XX,XX,6
15789,Scarsdale,XX,XX,6
16716,Stone Harbor,XX,XX,6
28075,Tarago,XX,XX,6
21027,Roșia Montană,XX,XX,6
22898,Star Wars tourism,XX,XX,6
19793,Dukhan,XX,XX,6
19309,Hawalli,XX,XX,6
24530,Dschang,XX,XX,6
19272,Esfarayen,XX,XX,6
25910,Golden Gate National Recreation Area,XX,XX,6
26299,Baruipur,XX,XX,6
20046,Älvkarleby,SE,SE,6
19953,Dongyang,XX,XX,6
19521,Çavdarhisar,XX,XX,6
24818,Rock Islands,XX,XX,6
25863,Mararaba,XX,XX,6
26441,Canning,XX,XX,6
16971,Tabanan,XX,XX,6
26172,Winter sports in Kosovo,XX,XX,6
22142,Minglanilla,XX,XX,6
26254,Bally,XX,XX,6
26688,Churches in Chicago,XX,XX,6
28099,Northwest Tyrol,IT,IT,6
25201,Atlántida,XX,XX,6
21629,Indiantown,XX,XX,6
25847,Ilobu,XX,XX,6
12250,Moreton Island,XX,XX,6
23281,Laiyuan County,CN,CN,6
25675,Akamkpa,XX,XX,6
25686,Orhei National Park,XX,XX,6
27447,Argungu,XX,XX,6
16310,Snoqualmie Pass,XX,XX,6
25682,Biase,XX,XX,6
27677,Alaró,XX,XX,6
11534,Marianna,XX,XX,6
19800,Washougal,XX,XX,6
25489,Taksony,XX,XX,6
12553,Nai Han,XX,XX,6
26810,Palghar and Kelve,XX,XX,6
19328,Hardy,XX,XX,6
26622,Jalpan,XX,XX,6
25811,Koton Karfe,XX,XX,6
26585,Kafanchan,XX,XX,6
27797,Efate,XX,XX,6
23813,Constanza,XX,XX,6
26093,Nasarawa,XX,XX,6
27494,Yambol,XX,XX,6
27026,Jiangshan,XX,XX,6
26746,Fushë Arrëz,XX,XX,6
27575,Bururi,XX,XX,6
20485,Shimba Hills National Reserve,XX,XX,6
20097,Harstine Island,XX,XX,6
18586,West Salem,XX,XX,6
23187,Halabja,XX,XX,6
26428,Banda Besar,XX,XX,6
25946,Kontagora,XX,XX,6
24674,Wangan,XX,XX,6
26909,Ypäjä,XX,XX,6
11413,Mandarmani,XX,XX,6
17052,Talent,XX,XX,6
28453,Uli,XX,XX,6
20061,Hällefors and Grythyttan,XX,XX,6
28431,Diksmuide,XX,XX,6
27563,Snoqualmie,XX,XX,6
26779,Djambala,XX,XX,6
17119,Tarawa,XX,XX,6
24646,Bhiwani,XX,XX,6
26643,Buttermere,XX,XX,6
19281,Pergine Valdarno,XX,XX,6
25536,Kainantu,XX,XX,6
23101,Uranium City,CA,CA,6
16608,Stark,XX,XX,6
26267,Vårdö,FI,FI,6
25779,Nsit Ibom,XX,XX,6
20807,Brahmanbaria,XX,XX,6
26207,Laikhurembi,XX,XX,6
25867,Kachia,XX,XX,6
20464,Mpande,ZA,ZA,6
25061,Uzo-Uwani,XX,XX,6
28449,Okpoko,XX,XX,6
27962,Nevados de Chillan,XX,XX,6
27179,Balancán,XX,XX,6
26904,East Central Finland,FI,FI,6
18034,Vanua Levu,XX,XX,6
27230,Workers’ Assembly Halls,AU,AU,6
27503,Horinger,CN,CN,6
22208,Mahishadal and Geonkhali,XX,XX,6
28198,Egbe,XX,XX,6
27039,Slīteres National Park,XX,XX,6
18006,Valtimo,FI,FI,6
26262,Mothparja,XX,XX,6
12120,Monongahela National Forest,XX,XX,6
26950,Kohtla-Järve,XX,XX,6
26960,Straupe,XX,XX,6
15428,San Borja,XX,XX,6
16350,Solentiname Islands,XX,XX,6
11532,Maria Island National Park,XX,XX,6
26246,Multia,FI,FI,6
26699,The Plandomes,XX,XX,6
18315,Waldo Lake,XX,XX,6
26071,Galashiels,XX,XX,6
19061,Zap,XX,XX,6
26590,Xochicalco,MX,MX,6
28047,Centuripe,XX,XX,6
19418,Mark Twain National Forest,TR,TR,6
15570,San Saba,XX,XX,6
22844,Indian Land,XX,XX,6
15425,San Antonio Palopo,XX,XX,6
16036,Shfelah,XX,XX,6
20866,Thursday Island,XX,XX,6
27264,Blida,XX,XX,6
21945,Raritan,XX,XX,6
18316,Waldorf,XX,XX,6
27661,Darazo,XX,XX,6
20425,Batusangkar,XX,XX,6
22359,Banjar (West Java),XX,XX,6
26388,Naya Raipur,XX,XX,6
16048,Sherman Oaks,XX,XX,6
27197,Upper Zemplín - West,XX,XX,6
28460,Gavar,XX,XX,5
28400,Oskaloosa,XX,XX,5
15642,Sant Julia de Loria,XX,XX,5
27694,Gulf of Porto,XX,XX,5
27368,Langøya,NO,NO,5
21626,Algal bloom,XX,XX,5
25679,Ugep,XX,XX,5
27528,Clarence Town,XX,XX,5
23724,Bwabwata National Park,XX,XX,5
25637,Obudu,XX,XX,5
22070,Turrialba,XX,XX,5
27469,Nguru,XX,XX,5
25521,Jeti Ögüz,XX,XX,5
25951,Achalla,XX,XX,5
24931,Tumanyan,XX,XX,5
26798,Thirubuvanai and Tiruvakkarai,XX,XX,5
25986,Saint-Tite-des-Caps,XX,XX,5
26674,Darlington Point,XX,XX,5
27052,Curup,XX,XX,5
25935,Bukuru,XX,XX,5
22413,Eccleshall,XX,XX,5
25498,Cordele,XX,XX,5
25152,Cross River National Park,GB,GB,5
27580,Gresford,XX,XX,5
23991,Kashmar,XX,XX,5
24405,Voyages of Roald Amundsen,XX,XX,5
19558,Fox River Valley,XX,XX,5
26875,Alavus,XX,XX,5
21414,El Pital,XX,XX,5
28466,Street-running trains,VN,VN,5
25880,Abor,XX,XX,5
23764,Graciosa (Canary Islands),XX,XX,5
15615,Santa Paula,XX,XX,5
26289,Kemaliye,XX,XX,5
15291,St. Marks,XX,XX,5
23812,Naukuchiatal,XX,XX,5
27347,Rio Kruta National Park,XX,XX,5
19857,Sapucaia do Sul,XX,XX,5
18005,Vals,XX,XX,5
25706,Misau,XX,XX,5
27940,Jämtlandsleden,SE,SE,5
27258,Juan Griego,XX,XX,5
26577,Chuadanga,XX,XX,5
28175,Balagarh,XX,XX,5
23188,Sinjar,XX,XX,5
26630,Villagarzón,XX,XX,5
19466,Loganville,XX,XX,5
10381,La Alpujarra,XX,XX,5
24722,Bijagua de Upala,XX,XX,5
25387,Canóvanas,XX,XX,5
17134,Tarpon Springs,XX,XX,5
22428,Šariš,XX,XX,5
28097,Inca,XX,XX,5
12853,New River and Greenbrier Valleys,XX,XX,5
21997,Dolores (Guatemala),XX,XX,5
25036,Dharawal National Park,XX,XX,5
28316,Daisen (Akita),XX,XX,5
26327,Deep Creek National Park,XX,XX,5
23214,Atlantic slave trade,XX,XX,5
28186,Elroy-Sparta State Trail,XX,XX,5
24428,Haltern am See,XX,XX,5
25785,Ukanafun,XX,XX,5
23510,Calatagan,XX,XX,5
25861,Jikwoyi,XX,XX,5
27411,Ïle à Vache,XX,XX,5
26880,Kallaste,XX,XX,5
19436,Sullivan's Island,XX,XX,5
22804,Grand Ronde,XX,XX,5
26562,Lapinjärvi,XX,XX,5
28207,Bolton Valley,XX,XX,5
26544,Holy Roman Empire,XX,XX,5
21106,Ai-Khanoum,XX,XX,5
26494,Ahwiaa,XX,XX,5
27149,Sidikalang,XX,XX,5
26509,Rwamagana,XX,XX,5
25743,Unwana,XX,XX,5
25280,Malasiqui,XX,XX,5
16150,Sigmaringen,XX,XX,5
26591,Chesapeake City,XX,XX,5
24124,Aparri,XX,XX,5
15579,Santa Barbara County,EG,EG,5
26281,El-Obeid,EG,EG,5
24116,Anaklia,XX,XX,5
15943,Severna Park,XX,XX,5
15614,Santa Nella,XX,XX,5
12633,Narayanpur,XX,XX,5
15511,San Isidro de El General,XX,XX,5
26520,Kanchrapara,XX,XX,5
25678,Yakurr,XX,XX,5
26324,Pribaikalsky National Park,CA,CA,5
26258,Panihati,XX,XX,5
18533,Western Waterlands,XX,XX,5
28188,Maynaguri,XX,XX,5
21365,Antelope Island,XX,XX,5
21416,Carcar,XX,XX,5
23036,Igaliku,GL,GL,5
25657,Ukhun,XX,XX,5
16500,Rivierenland,NL,NL,5
15697,Satara,XX,XX,5
27514,Kruszwica,XX,XX,5
25495,Americus,XX,XX,5
15666,Sarahan,XX,XX,5
28393,Taichung/Mountain Line,XX,XX,5
16115,Shushtar,XX,XX,5
28180,Sant Joan de les Abadesses,XX,XX,5
25821,Agenebode,XX,XX,5
24573,Narayanganj,XX,XX,5
26560,Deulti,XX,XX,5
25794,Eleme,XX,XX,5
21446,Aqqala,XX,XX,5
17097,Tanjung Batu,XX,XX,5
26095,Parras de la Fuente,XX,XX,5
15584,Santa Clara (Cuba),XX,XX,5
19413,Lake Macquarie,XX,XX,5
17060,Tallmadge,XX,XX,5
23782,Carmen (Bohol),XX,XX,5
25504,Alchevsk,XX,XX,5
6075,Mount Hood and Columbia Gorge,XX,XX,5
20306,Lackawanna,XX,XX,5
26316,Byurakan,XX,XX,5
25827,Fugar,XX,XX,5
20288,Durtal,XX,XX,5
26202,Merlin,XX,XX,5
16687,St. Mary,XX,XX,5
21871,Calbiga,PH,PH,5
21113,Payette-Fruitland,XX,XX,5
19310,Krka National Park,XX,XX,5
23910,Marigot (Dominica),XX,XX,5
26030,Arikok National Park,XX,XX,5
28269,Stock Island,XX,XX,5
24907,Olompali–Petaluma–Sonoma historic parks,XX,XX,5
23130,Larkspur and Corte Madera,XX,XX,5
25896,Nafada,XX,XX,5
27689,Tumbarumba,XX,XX,5
26495,Wenchi,XX,XX,5
26815,Panshet,XX,XX,5
25767,Ibeno,XX,XX,5
26941,Nousiainen,FI,FI,5
26817,Butler Beach,XX,XX,5
15223,Safety Harbor,XX,XX,5
18051,Vashon Island,XX,XX,5
17867,Umm Salal Mohammed,XX,XX,5
25627,Chobhar,XX,XX,5
27259,Mažeikiai,XX,XX,5
21041,Săpânța,RO,RO,5
26607,San Joaquín (Querétaro),XX,XX,5
26079,Yarra Ranges National Park,XX,XX,5
28352,Sumberlawang,XX,XX,5
21485,Bhandarej,XX,XX,5
26211,Keitele,FI,FI,5
24060,Matapédia,XX,XX,5
21609,Hanseatic League,XX,XX,5
23115,White Sands (Vanuatu),XX,XX,5
20524,Mohenjo-daro,XX,XX,5
11353,Malda,XX,XX,5
26942,Hirvensalmi,XX,XX,5
27396,Candelaria Caves National Park,XX,XX,5
21101,Balmazújváros,XX,XX,5
22193,South Ronaldsay,XX,XX,5
26795,Pravets,XX,XX,5
19522,Diving the Alderman Islands,NZ,NZ,5
25566,Bushnell's Basin,XX,XX,5
27408,Spotsylvania,XX,XX,5
28030,Hojancha,XX,XX,5
24193,Sultan Eshkashim,XX,XX,5
27304,Pazardzhik,XX,XX,5
26736,Omitlán,XX,XX,5
16459,Southern Paraneña,XX,XX,5
26264,Minganie,CA,CA,4
27161,Korean palaces,CN,CN,4
21274,Church Bay (Anglesey),XX,XX,4
24751,Lagos City/Lagos Island,XX,XX,4
23591,Kettle Falls,XX,XX,4
28037,Menfi,XX,XX,4
19652,Mangilao,XX,XX,4
18042,Vardenis,XX,XX,4
26547,Reggane,XX,XX,4
22401,Canton-Massillion Metropolitan Area,XX,XX,4
27290,Maarat al-Numan,XX,XX,4
23923,Kumana National Park,XX,XX,4
20762,Pacitan,XX,XX,4
22969,Sangla Hill,XX,XX,4
23032,Bengtskär,FI,FI,4
11063,Los Alamitos,XX,XX,4
19924,Kalka,XX,XX,4
25939,Upenekang,XX,XX,4
20991,Bardsey Island,XX,XX,4
26978,Ajingi,XX,XX,4
25400,Santa Isabel (Puerto Rico),XX,XX,4
22568,Orania,XX,XX,4
27559,Ringim,XX,XX,4
27198,Sobrance,XX,XX,4
25931,Dadin Kowa,XX,XX,4
15465,Sand Springs,XX,XX,4
27531,Mount Sibayak,ID,ID,4
26160,Arturo Merino Benítez International Airport,CL,CL,4
8949,Mid-Hudson and Catskills,XX,XX,4
15103,Rosh Haniqra,XX,XX,4
25967,Idoani,XX,XX,4
27536,Immokalee,XX,XX,4
16446,Southern Barbados,XX,XX,4
22052,Paranas,PH,PH,4
25109,Katsina-ala,XX,XX,4
27719,Dhanyakuria,XX,XX,4
28124,Pakur,XX,XX,4
26573,Janakkala,XX,XX,4
22092,Isla Carenero,XX,XX,4
12319,Mount Carmel Junction,XX,XX,4
27314,Tarana,XX,XX,4
17851,Ullal,XX,XX,4
28088,West Sundarbans,XX,XX,4
25983,Iyin Ekiti,XX,XX,4
27301,Salcoatitán,XX,XX,4
25554,Saint-Léon-le-Grand,XX,XX,4
26483,Parikkala,RU,RU,4
27133,Pomorie,XX,XX,4
26748,Paragliding in Kosovo,XX,XX,4
20749,Kotdwar,XX,XX,4
20303,North Tonawanda,XX,XX,4
18875,Yala National Park,XX,XX,4
24122,Defiance,XX,XX,4
15239,Saharan Algeria,XX,XX,4
26356,Morne Seychellois National Park,AU,AU,4
25586,Andro,XX,XX,4
26929,Pielavesi,FI,FI,4
17148,Tassili n'Ajjer Cultural Park,XX,XX,4
6668,Tian Song Pi Agricultural Leisure Area,XX,XX,4
16311,Snow Canyon State Park,XX,XX,4
20885,Llansteffan,XX,XX,4
25545,Hartz Mountains National Park,XX,XX,4
23651,Tarnobrzeg,XX,XX,4
26433,Grand Anse,XX,XX,4
15949,Sewanee,XX,XX,4
22590,Inland of Finland Proper,FI,FI,4
21143,Maragheh,XX,XX,4
15997,Sharpsburg,XX,XX,4
23298,Kaithal,XX,XX,4
16028,Shelter Island,XX,XX,4
25646,Newcomerstown,XX,XX,4
18718,Windward Coast (Oahu),XX,XX,4
28012,Nin,XX,XX,4
24154,Akhalkalaki,XX,XX,4
15586,Santa Clarita,XX,XX,4
25543,Mole Creek Karst National Park,XX,XX,4
21384,Fouman,XX,XX,4
19210,Lake Park,XX,XX,4
17061,Talofofo,XX,XX,4
20548,San Juan Bautista,XX,XX,4
15568,San Ramon (Costa Rica),XX,XX,4
27899,Sant Feliu de Llobregat,XX,XX,4
26694,Pleasant Bay,XX,XX,4
21985,Santa Teresa Gallura,XX,XX,4
22893,Fenelon Falls,XX,XX,4
11637,Matale,XX,XX,4
26888,Liperi,XX,XX,4
27147,L'Esquirol,XX,XX,4
19316,Arillas,XX,XX,4
25464,Bungonia National Park,XX,XX,4
24811,Narashino,XX,XX,4
28416,Bytča,XX,XX,4
26415,Pozantı,XX,XX,4
15365,Sallisaw,XX,XX,4
21311,Malbazar,IN,IN,4
26539,Dekina,XX,XX,4
22733,Wroxham and Hoveton,XX,XX,4
24342,Hagerman,XX,XX,4
27548,Skykomish Valley,XX,XX,4
23920,Frankenstein,XX,XX,4
24212,Brackley Beach-Stanhope,XX,XX,4
17337,Thompson Falls,XX,XX,4
26448,Arthur-Pieman Conservation Area,AR,AR,4
20216,Allenhurst,XX,XX,4
27879,Kandos,XX,XX,4
18847,Xiandu,XX,XX,4
27716,Mandeville (Jamaica),XX,XX,4
24011,Driving in Japan,JP,JP,4
26935,Alavieska,XX,XX,4
27129,Juodkrantė,XX,XX,4
25683,Ilawe-Ekiti,XX,XX,4
18697,Wilsons Promontory National Park,XX,XX,4
25970,Numan,XX,XX,4
17662,Trinidad (Paraguay),XX,XX,4
26469,Raghunathpur,XX,XX,4
27523,Scott Pilgrim locations,CA,CA,4
15462,Sandoyar,XX,XX,4
26887,Juuka,XX,XX,4
26200,Sanamahism,XX,XX,4
19941,Dubai International Airport,XX,XX,4
25995,Volcan,XX,XX,4
18734,Winter Harbor,XX,XX,4
25667,Okeho,XX,XX,4
24044,Balayan,XX,XX,4
25553,Saint-Sévère,XX,XX,4
25494,Szigetújfalu,XX,XX,4
25653,Ewu,XX,XX,4
23909,Menthon St. Bernard,XX,XX,4
24014,Ruifang,XX,XX,4
19453,Cumberland Falls State Resort Park,XX,XX,4
26603,PheZulu Safari Park,XX,XX,4
12574,Nalanda,XX,XX,4
25848,Opobo,XX,XX,4
26186,Weddin Mountains National Park,XX,XX,4
23460,L'Escala,XX,XX,4
27566,Nangere,XX,XX,4
25611,Kunszentmárton,XX,XX,4
15597,Santa Cruz la Laguna,XX,XX,4
18902,Yankari Game Reserve,XX,XX,4
25610,Törökszentmiklós,XX,XX,4
15232,Sagara,XX,XX,4
27196,Manapouri,NZ,NZ,4
22587,Anholt,SE,SE,4
27515,History of medicine,XX,XX,4
25823,Ososo,XX,XX,4
21067,Moyogalpa,XX,XX,4
28069,Sanjay Gandhi National Park,XX,XX,4
26523,Gobardanga,XX,XX,4
10744,Leonardtown,XX,XX,4
26253,Bonne-Espérance,XX,XX,4
28468,Cachi,XX,XX,4
27863,Tapa,XX,XX,4
18727,Winsen an der Aller,XX,XX,4
21471,Cartwright (Labrador),XX,XX,4
23242,Mount Revelstoke National Park,XX,XX,4
25814,Ifelodun,XX,XX,4
19086,Balashikha,XX,XX,4
9983,Kingfield and Carrabassett Valley,XX,XX,4
18906,Yardley,XX,XX,4
28405,Mahabubnagar,XX,XX,4
28399,Yaguarón,XX,XX,4
28110,Duck Creek Village,XX,XX,4
24400,Barrhead,XX,XX,4
17095,Tanji,XX,XX,4
27457,Palo Verde National Park,XX,XX,4
19535,Kashrut,XX,XX,4
17402,Timucuan Ecological and Historic Preserve,XX,XX,4
23270,Kinsarvik,XX,XX,4
18341,Walvis Bay,XX,XX,4
25714,Ikija,XX,XX,4
25228,Akhtala,XX,XX,4
25358,Mount Kaputar National Park,XX,XX,4
26409,Magetan,XX,XX,4
27894,Prats de Lluçanès,XX,XX,4
11814,Mercer Island,XX,XX,4
19382,Khewra Salt Mine,XX,XX,4
8502,Haraz Mountains,XX,XX,4
28002,Abbots Leigh,FR,FR,4
19332,Carara National Park,XX,XX,4
25698,Ogijo,XX,XX,4
20269,Golan Trail,XX,XX,4
21636,Palm City,XX,XX,4
25629,Kingfisher,XX,XX,4
25687,Afon,XX,XX,4
26444,Brigantine,XX,XX,4
27341,Somanya,XX,XX,4
22873,Charklik (Ruoqiang),XX,XX,4
26210,Carstairs,XX,XX,4
25684,Benue State,XX,XX,4
24547,Sharda Valley,XX,XX,4
26163,Shey-Phoksundo National Park,XX,XX,4
25269,Samsula-Tomoka Farms,XX,XX,4
27228,Culturally significant landscape in Casares,XX,XX,4
15283,Saint Kitts and Nevis,GB,GB,4
26789,Covelong and Muttukadu,XX,XX,4
17959,Valbonne and Biot,XX,XX,4
25633,Ikogosi Warm Springs,XX,XX,4
14880,Rewalsar,XX,XX,4
27331,Tarra-Bulga National Park,XX,XX,4
27148,L'Estany,ES,ES,4
27425,Nyanga National Park,XX,XX,4
27983,Stagnone Lagoon and Islands Nature Reserve,XX,XX,4
18531,Western Transdanubia,HU,HU,4
24711,Drumshanbo,IE,IE,4
19748,Dibba (Musandam Peninsula),XX,XX,4
27765,Kentau,XX,XX,4
28201,Jamboni,XX,XX,4
26930,Rautavaara,XX,XX,4
15632,Santiago Atitlán,XX,XX,4
26260,Raniganj,XX,XX,4
21075,Linapacan,XX,XX,4
20283,Caniapiscau,XX,XX,4
24901,Cheyyar,XX,XX,4
17068,Tamarindo,XX,XX,4
17341,Thonglang Bay,XX,XX,4
24332,Waimea Canyon,XX,XX,4
26878,Harjavalta,XX,XX,3
27181,Culturally significant landscape in Vélez-Blanco,XX,XX,3
26434,Sukoharjo,XX,XX,3
24459,North Thompson and Robson Valley,XX,XX,3
23106,Aniwa,XX,XX,3
23111,Aneityum,XX,XX,3
23515,Vank,XX,XX,3
26348,Yavatmal,XX,XX,3
15641,Santiponce,XX,XX,3
17618,Trans-Siberian Railway,CN,CN,3
19601,Santa Ana de Velasco,XX,XX,3
18919,Yasawa Islands,XX,XX,3
26998,Kazaure,XX,XX,3
17772,Turtle Islands Park,PH,PH,3
28365,Manito,XX,XX,3
26774,Fertile Crescent,TR,TR,3
26475,Kamarpukur and Jayrambati,XX,XX,3
17222,Temanggung,XX,XX,3
17058,Tallangatta,XX,XX,3
28208,Madagali,XX,XX,3
27998,Barra de Valizas,XX,XX,3
27766,Ilha Comprida,XX,XX,3
27944,Shawano,XX,XX,3
26926,Kaavi,XX,XX,3
27486,Stockholm Archipelago Trail,XX,XX,3
25912,Bald Rock National Park,XX,XX,3
26830,Bulow Plantation,XX,XX,3
27956,Yasuni National Park,XX,XX,3
23499,Baraawe,XX,XX,3
13641,Palm Beach County,XX,XX,3
27741,Diriyah,XX,XX,3
16895,Svealand,SE,SE,3
27320,Chateaubelair,XX,XX,3
26939,Siikalatva,XX,XX,3
27102,Zongo Falls,XX,XX,3
22938,Auvergne-Rhône-Alpes,FR,FR,3
25865,Orozo,XX,XX,3
11552,Marin Headlands,XX,XX,3
26938,Reisjärvi,XX,XX,3
26920,Muhos,XX,XX,3
21693,Seal Rocks,XX,XX,3
20594,Taolagnaro,XX,XX,3
28386,Chamberlain and Oacoma,XX,XX,3
25608,Kisújszállás,XX,XX,3
27381,Stockholm harbour tour,XX,XX,3
26430,Monts-Valin National Park,XX,XX,3
26263,Palashi,IN,IN,3
25804,Alderley Edge,XX,XX,3
16177,Silver Star,XX,XX,3
22760,Göygöl National Park,XX,XX,3
24732,Chishang,XX,XX,3
6720,Diving the Cape Peninsula and False Bay/Hout Bay harbour,XX,XX,3
26914,Karvia,XX,XX,3
26241,Jomala,XX,XX,3
17561,Torres del Paine National Park,XX,XX,3
24069,Southwest Pampanga,XX,XX,3
24544,Sulemania Governorate,XX,XX,3
25300,Berowra Valley National Park,XX,XX,3
21349,Morne Trois Pitons National Park,XX,XX,3
20555,Altenkirchen (Mecklenburg-Vorpommern),XX,XX,3
22467,Rhuddlan,XX,XX,3
23855,Bayramaly,XX,XX,3
27060,Nami Island,KR,KR,3
18207,Virpazar,XX,XX,3
24246,Atimonan,XX,XX,3
21360,Icelandic hot springs,IS,IS,3
22753,Beccles and Bungay,XX,XX,3
16762,Ardnamurchan,XX,XX,3
27589,Gwarzo,XX,XX,3
19380,Pearland,XX,XX,3
19194,Tangail,XX,XX,3
23241,Mingan Archipelago National Park Reserve,XX,XX,3
25567,Moirang,XX,XX,3
26045,Porcupine Gorge National Park,XX,XX,3
26891,Evijärvi,FI,FI,3
26829,Konibodom,XX,XX,3
15445,Sandıklı,XX,XX,3
26522,Kabuga,XX,XX,3
23835,Sunamganj,XX,XX,3
19915,Tsambagarav National Park,XX,XX,3
15637,Santiago de los Caballeros,XX,XX,3
27596,Petite-Île,XX,XX,3
21342,Slovak Karst National Park,XX,XX,3
26691,Paltamo,FI,FI,3
26379,New Italy,IT,IT,3
25979,Mount William National Park,XX,XX,3
18084,Venice with children,XX,XX,3
27317,Rydal,AU,AU,3
21999,San Andrés Xecul,XX,XX,3
15834,Sea of Galilee region,XX,XX,3
27307,Queulat National Park,XX,XX,3
18354,War Eagle,XX,XX,3
24139,Guantánamo (city),XX,XX,3
11410,Mandalgovĭ,XX,XX,3
9704,Karula National Park,XX,XX,3
27810,Murjek,NO,NO,3
25293,Ķemeri National Park,XX,XX,3
26398,Neptune,XX,XX,3
18662,Wilcannia,XX,XX,3
25826,Afuze,XX,XX,3
27880,La Charité-sur-Loire,XX,XX,3
27761,Naramata,XX,XX,3
19291,Parvati Valley,XX,XX,3
25603,Szolnok district,XX,XX,3
26936,Merijärvi,XX,XX,3
15888,Seligman,XX,XX,3
18893,Yanbian,CN,CN,3
25694,Nasarawa State,XX,XX,3
9851,Keonjhar,XX,XX,3
26881,Puolanka,FI,FI,3
13770,Bibhutibhushan Wildlife Sanctuary,XX,XX,3
24243,Salton City,XX,XX,3
23264,French Island,AU,AU,3
22794,Hayling Island,XX,XX,3
27172,Santiago Apoala,XX,XX,3
27115,Assinie,XX,XX,3
18348,Wangaratta,XX,XX,3
26900,Lumparland,XX,XX,3
11698,Máncora,XX,XX,3
26653,Constitution 1857 National Park,MX,MX,3
26905,Suomenselkä countryside,FI,FI,3
15836,Searcy,XX,XX,3
19919,Wujiang,XX,XX,3
27112,Koutammakou,XX,XX,3
27402,Chimaltenango,XX,XX,3
23745,Malvar,XX,XX,3
25371,Toa Alta,XX,XX,3
28366,Panskura,XX,XX,3
23517,Al-Hasakah,XX,XX,3
28381,Česká Kanada,CA,CA,3
26812,Vilano Beach,XX,XX,3
27058,Tamsweg,XX,XX,3
27652,Ali (Tibet),XX,XX,3
10825,Likoma Island,XX,XX,3
15002,Robben Island,PT,PT,3
17536,Torgiano,XX,XX,3
25786,Port Campbell National Park,XX,XX,3
26487,Muni Estuary Nature Reserve,XX,XX,3
27558,Gorontalo (province),XX,XX,3
25975,Grands-Jardins National Park,XX,XX,3
25110,Chad Basin National Park,XX,XX,3
27667,Khaybar,XX,XX,3
27349,Irabu,JP,JP,3
19790,Vehari,XX,XX,3
16628,Steamboat Springs,XX,XX,3
26446,Hanle,IN,IN,3
21424,Ayubia National Park,XX,XX,3
26968,Moonan Flat,XX,XX,3
19387,Zuwara,XX,XX,3
19733,Irati (Paraná),XX,XX,3
26449,Singalila National Park,XX,XX,3
19524,Sag Harbor,XX,XX,3
24765,Maltahöhe,XX,XX,3
26119,Patagonia National Park (Chile),CL,CL,3
28472,Mongomo,XX,XX,3
26164,Illiniza,XX,XX,3
21184,Swanville,XX,XX,3
19688,Al Shahaniyah,XX,XX,3
24670,Mineral del Monte,XX,XX,3
21434,Clydach and Pontardawe,XX,XX,3
27534,Rantauprapat,XX,XX,3
25569,Thoubal,XX,XX,3
22774,Jaibalito,XX,XX,3
27775,Plungė,XX,XX,3
23315,Puerto Esperanza (Cuba),XX,XX,3
8616,Healdsburg,XX,XX,3
25437,Notre-Dame-de-Montauban,XX,XX,3
23862,Nyngan,XX,XX,3
27183,Agricultural landscape of Carmona,XX,XX,3
27999,Arette,XX,XX,3
20678,Loyalton,XX,XX,3
28351,Jovellar,PH,PH,3
17768,Turkmenistan,XX,XX,3
25843,Ibeku,XX,XX,3
27493,Booti Booti National Park,XX,XX,3
26063,Hiking in Réunion,XX,XX,3
16257,Skaneateles,XX,XX,3
15423,San Antonio de Areco,XX,XX,3
24715,Brahmavar,XX,XX,3
25981,Zec Batiscan-Neilson,XX,XX,3
16655,St. Francisville,XX,XX,3
16473,South Jutland,DK,DK,3
27803,Carmila,XX,XX,3
23288,Srimangal,XX,XX,3
26642,Tullah,XX,XX,3
27987,Bodfari,XX,XX,3
11906,Middle Bass Island,XX,XX,3
27771,Monte Leon National Park,AR,AR,3
21667,Prince Edward Island National Park,XX,XX,3
28418,Arócutin,XX,XX,3
27778,Wyandra,XX,XX,3
19709,Channarayapatna,XX,XX,3
26257,Halisahar,XX,XX,3
26181,Goobang National Park,XX,XX,3
19305,Sankarankoil,XX,XX,3
25206,Ivindo National Park,XX,XX,3
28326,Mare Island,XX,XX,3
28445,Ambalavayal,XX,XX,3
27108,Baidoa,XX,XX,3
27537,Batang Gadis National Park,XX,XX,3
27750,Turnu Magurele,XX,XX,3
22855,Cauayan (Negros Occidental),XX,XX,3
26033,Vanoise National Park,XX,XX,3
26889,Polvijärvi,XX,XX,3
25751,Forlandet National Park,XX,XX,3
27995,Bidarray,XX,XX,3
25856,Ishiagu,XX,XX,3
25966,Atan,XX,XX,3
24267,Darawiish,XX,XX,3
25761,Uromi,XX,XX,3
21701,Älvsbyn,SE,SE,3
26944,Malax,XX,XX,3
27348,Bournda National Park,XX,XX,3
27866,Aguacate Mountains Biological Corridor,XX,XX,3
17649,Triberg Im Schwarzwald,XX,XX,3
26864,Maros,XX,XX,3
27737,Riscos de Momostenango National Park,XX,XX,3
17115,Taranaki,NZ,NZ,3
21213,Llantwit Major,XX,XX,3
15497,San Germán,XX,XX,3
25676,Akpabuyo,XX,XX,3
25677,Bakassi,XX,XX,3
13066,Northern Savanna,XX,XX,3
9195,Islas Paridas,XX,XX,3
22181,Archipelago Trail,FI,FI,3
24791,Tashiyangtse,XX,XX,3
22289,Brandenburg an der Havel,XX,XX,3
11370,Malvan,XX,XX,3
23663,Caledon (Western Cape),XX,XX,3
28397,Kishangarh,XX,XX,3
22800,Rickmansworth,XX,XX,3
21325,Banc d'Arguin National Park,XX,XX,3
28450,Nsugbe,XX,XX,3
21746,Jambiani,XX,XX,3
17140,Tartous,XX,XX,3
26991,Boca de Pascuales,XX,XX,3
23161,Pacific Harbour,XX,XX,3
22424,Muránska planina National Park,XX,XX,3
15940,Sevan,XX,XX,3
19516,Elbe-Weser Triangle,XX,XX,3
28414,Devanahalli,XX,XX,3
25900,Balanga (Nigeria),XX,XX,3
25544,Saint-Édouard-de-Maskinongé,XX,XX,3
26782,Corinto,XX,XX,3
27426,Keda,XX,XX,3
25808,Ibaji,XX,XX,3
19154,Diving in New Zealand,NZ,NZ,3
16032,Shenandoah Valley,XX,XX,3
14700,Rahimyar Khan,XX,XX,3
27125,SE Forest National Park,XX,XX,3
20295,Hyrynsalmi,XX,XX,3
23105,Alqosh,XX,XX,3
26589,Zangon Kataf,XX,XX,3
25062,Stanwell Park,XX,XX,3
26588,Agut Ntswuo,XX,XX,3
22125,Brenzone sul Garda,XX,XX,3
24986,New Amsterdam (Guyana),XX,XX,3
26772,Sangareddy,XX,XX,3
12934,Nishapur,XX,XX,3
25712,Mercantour National Park,XX,XX,3
27237,Bartella,XX,XX,3
19533,Greater Madison Area,XX,XX,3
16208,Singaraja,XX,XX,3
25623,Dibulla,CO,CO,3
19873,Quatro Barras,XX,XX,3
26601,Kwoi,XX,XX,3
19280,Valsad,XX,XX,3
13972,Grande-Vallée and Petite-Vallée,XX,XX,2
15644,Santo Antão,XX,XX,2
16445,Southern Azerbaijan,XX,XX,2
28473,Rapu-Rapu,XX,XX,2
17316,Theodore Roosevelt National Park,XX,XX,2
25049,Okomu National Park,XX,XX,2
27300,Pali-Aike National Park,XX,XX,2
26606,Gambella National Park,XX,XX,2
19428,Barra de Potosí,MX,MX,2
22389,Belianske Tatras,XX,XX,2
23836,Liupanshui,XX,XX,2
28039,Omodos,XX,XX,2
28046,Falta,XX,XX,2
24225,Karkali Strict Nature Reserve,FI,FI,2
26090,Matehuala,XX,XX,2
28308,Dasghara,XX,XX,2
22576,Hvaler,NO,NO,2
27893,Móra d'Ebre,XX,XX,2
15781,Scamander,XX,XX,2
26035,Castlemaine Diggings National Heritage Park,XX,XX,2
16313,Rural Worcester County,XX,XX,2
23166,Chaguanas,XX,XX,2
27764,Volcan Cosigüina,MX,MX,2
28421,Budhanilkantha,XX,XX,2
14950,Rincón de la Vieja Volcano National Park,XX,XX,2
23947,Bandit Run,XX,XX,2
19855,Camano Island,XX,XX,2
27440,Ibi,XX,XX,2
23018,Northeast Greenland National Park,XX,XX,2
25415,San Lorenzo (Puerto Rico),XX,XX,2
26834,Estahban,XX,XX,2
28072,Poás Volcano National Park,XX,XX,2
27874,Sutomore,XX,XX,2
19786,Jhang,XX,XX,2
23424,Jyrgalan,XX,XX,2
19609,Miami International Airport,XX,XX,2
22991,Zwijndrechtse Waard,XX,XX,2
25742,Umunya,XX,XX,2
19419,Ozark National Forest,XX,XX,2
23122,Harry Reid International Airport,XX,XX,2
25921,Douglas-Apsley National Park,XX,XX,2
25720,Ganjuwa,XX,XX,2
19553,Daniel Boone National Forest,XX,XX,2
21348,Miguasha National Park,XX,XX,2
26658,Cabo de Hornos National Park,CL,CL,2
17051,Talensac,XX,XX,2
26990,Ingmar Bergman tourism,XX,XX,2
19550,Grant Wood Country,XX,XX,2
26225,Shimshal,XX,XX,2
19304,Orange City-Alton,XX,XX,2
20486,Hell's Gate National Park,XX,XX,2
27601,Mai'Adua,XX,XX,2
17094,Tangting,XX,XX,2
22454,Vesanto,XX,XX,2
27886,Gandesa,XX,XX,2
26367,Toorale National Park,XX,XX,2
28279,Rejinagar,XX,XX,2
27804,Byerazino,XX,XX,2
27773,Río Pilcomayo National Park,AR,AR,2
26100,Jane Austen tourism,XX,XX,2
23572,Dwarakatirumala,XX,XX,2
17090,Tangalle,XX,XX,2
28080,Haroa,XX,XX,2
23116,Sheremetyevo International Airport,XX,XX,2
23634,Charyn Canyon,XX,XX,2
23165,Bajothang,XX,XX,2
25599,Pétervására,XX,XX,2
25773,Etinan,XX,XX,2
18704,Wind Cave National Park,XX,XX,2
24747,Zayed International Airport,XX,XX,2
27967,Shipton-under-Wychwood,XX,XX,2
23338,Żabbar,XX,XX,2
24643,Odiorne Point State Park,XX,XX,2
25685,Lagos City/Mainland,XX,XX,2
26454,Shyamnagar,XX,XX,2
22045,Ampelas (Paros),XX,XX,2
24098,Albarracín,XX,XX,2
22293,Sierra de la Ventana,XX,XX,2
25844,Las Catalinas,XX,XX,2
9496,Judaean Desert,XX,XX,2
18683,Willmar,XX,XX,2
11365,Malolotja Nature Reserve,XX,XX,2
17526,Topoľčany,XX,XX,2
27177,Coggeshall,XX,XX,2
26108,Fort Lytton National Park,XX,XX,2
24503,Fanning Springs,XX,XX,2
23850,Jalal-Abad,XX,XX,2
27051,Hoffman Estates,XX,XX,2
28260,Memari,XX,XX,2
25829,Ode Remo,XX,XX,2
20913,Travels of Hans Christian Andersen,DK,DK,2
25487,Szada,HU,HU,2
26775,Alutaguse National Park,XX,XX,2
26325,Barakar,XX,XX,2
26373,Villanterio,XX,XX,2
12670,National City,XX,XX,2
26431,Central Himachal Pradesh,XX,XX,2
18701,Wincanton,XX,XX,2
17241,Tenorio Volcano National Park,XX,XX,2
11497,Maple Canyon,XX,XX,2
17100,Tanjung Uban,XX,XX,2
16355,Solomon Islands,PE,PE,2
20894,Saffron Walden,XX,XX,2
16644,Sterling-Rock Falls,XX,XX,2
28341,South Saint Paul,XX,XX,2
27244,Dunukofia,XX,XX,2
15625,Santa Tecla,XX,XX,2
21880,Carluke,XX,XX,2
26152,North Arm,BR,BR,2
20708,Marawi,XX,XX,2
15251,Saint-Barthélemy,XX,XX,2
27355,Tapantí National Park,XX,XX,2
11604,Marulan,XX,XX,2
22866,Lava Hot Springs,XX,XX,2
15354,Salinas (Ecuador),XX,XX,2
19422,Cupramontana,XX,XX,2
26854,Computers,XX,XX,2
20519,Val Camonica,IT,IT,2
23418,Kidal,XX,XX,2
23428,Basketball in North America,XX,XX,2
23341,Santo Tomas (Batangas),XX,XX,2
22004,Tour of notable villas in Esino Lario,XX,XX,2
28193,Ichkabal,MX,MX,2
20153,Varvara,TR,TR,2
22493,Minneriya National Park,XX,XX,2
17791,Twante,XX,XX,2
27822,Barguna District,XX,XX,2
25923,Madaripur district,XX,XX,2
23119,Dalaba,XX,XX,2
21167,Ranomafana National Park,XX,XX,2
24463,Fruitland Park,XX,XX,2
21025,Câlnic,XX,XX,2
21960,Matagi Island,XX,XX,2
22631,Golan Heights (Syria),XX,XX,2
15564,San Pedro la Laguna,XX,XX,2
11487,Mantralayam,XX,XX,2
26058,Camino Finisterre,XX,XX,2
14970,Rio San Juan,XX,XX,2
25647,Esiẹ,XX,XX,2
21208,Kazarman,XX,XX,2
26680,Canicattì,XX,XX,2
28125,Karmatanr,XX,XX,2
26517,Kazbegi National Park,XX,XX,2
26390,Charlemont,XX,XX,2
15514,San Joaquin Valley,XX,XX,2
27860,Bellata,XX,XX,2
21483,Mbale,XX,XX,2
28415,Doddaballapura,XX,XX,2
12677,Nature Park Bulgarka,XX,XX,2
24132,Staro Nagoričane,XX,XX,2
11289,Maggie Valley,XX,XX,2
24001,Architecture of Frank Lloyd Wright,XX,XX,2
26767,North Telangana,XX,XX,2
15623,Santa Rosa de Lima,XX,XX,2
27989,Llandegla,XX,XX,2
26564,Damphu,IN,IN,2
25693,Taraba State,XX,XX,2
27289,Los Quetzales National Park,XX,XX,2
24191,Langar (Tajikistan),XX,XX,2
19078,Zhangjiagang,XX,XX,2
13108,Northumberland National Park,XX,XX,2
19511,Nkasa Lupala National Park,XX,XX,2
25540,Werakata National Park,XX,XX,2
28410,Serrapetrona,XX,XX,2
26037,Chira Island,XX,XX,2
24501,Montague (Prince Edward Island),XX,XX,2
21125,Lahn Valley,XX,XX,2
28407,Târgu Lăpuș,XX,XX,2
22274,Larochette,XX,XX,2
25588,Zec de la Rivière-Blanche,XX,XX,2
26315,Rangsang,ID,ID,2
19138,Paharpur,XX,XX,2
21798,Yangsan,XX,XX,2
22613,San Remigio (Cebu),XX,XX,2
28086,Chittaranjan,XX,XX,2
25638,Saki,XX,XX,2
15435,San Casciano in Val di Pesa,XX,XX,2
28119,Maclean,XX,XX,2
25749,Ogaminana,XX,XX,2
17621,Traralgon,XX,XX,2
11528,Margarita Island,XX,XX,2
25411,Las Marías,XX,XX,2
26027,Vännäs,SE,SE,2
15144,Chitwan National Park,XX,XX,2
25628,Boki,XX,XX,2
26296,Blue River Provincial Park,XX,XX,2
25913,Ulaagchinii Khar Nuur National Park,XX,XX,2
24100,Banethi,XX,XX,2
25505,Krasnodon,XX,XX,2
25926,Omupo,XX,XX,2
26867,Lindesberg,XX,XX,2
28433,Dharashiv,XX,XX,2
25604,Mezőtúr,XX,XX,2
26082,Judbarra / Gregory National Park,XX,XX,2
26527,Hammarland,XX,XX,2
16450,Southern Desert (Jordan),XX,XX,2
15334,Salcete,XX,XX,2
26743,Ulza Regional Nature Park,XX,XX,2
15961,Shah Alam,XX,XX,2
15604,Santa Fe Springs,XX,XX,2
27959,Hvalvík,XX,XX,2
28456,Igbo-Ukwu,XX,XX,2
18353,Wardha,XX,XX,2
27111,Ganvie,XX,XX,2
19442,Harrodsburg,XX,XX,2
26620,Semenawi Bahri National Park,XX,XX,2
28442,Foynes,XX,XX,2
22734,Stalham and Sutton,XX,XX,2
23751,Hardap,ZA,ZA,2
11659,Mattapoisett,XX,XX,2
12674,Natural Bridges National Monument,XX,XX,2
28452,Adazi-Nnukwu,XX,XX,2
25542,Sainte-Angèle-de-Prémont,XX,XX,2
21953,Manhasset,XX,XX,2
28004,Cayambe Coca National Park,XX,XX,2
23924,Wilpattu National Park,XX,XX,2
19388,Little Gasparilla Island,XX,XX,2
28049,Aidone,XX,XX,2
24477,Southern Gotland,XX,XX,2
25853,Ada town,XX,XX,2
28403,Kaleshwaram,XX,XX,2
26196,Fossholl,IS,IS,2
26401,Holmdel,XX,XX,2
26780,South Damodar,XX,XX,2
23198,Zarqa,XX,XX,2
24303,Travelling with military responsibilities,XX,XX,2
26610,Taranna,AU,AU,2
26937,Pyhäntä,XX,XX,2
25690,Pyrénées National Park,XX,XX,2
20356,Angangueo,MX,MX,2
19903,Decatur Island,XX,XX,2
28023,Laguna de La Restinga National Park,XX,XX,2
27772,Makale,XX,XX,2
25593,Tasman National Park,XX,XX,2
28078,Uluberia,XX,XX,2
27222,Yby Yaú,XX,XX,2
17157,Tattenhall,XX,XX,2
23296,Mexican Hat,XX,XX,2
21209,Glennallen,XX,XX,2
19157,Kralupy nad Vltavou,XX,XX,2
24662,Baisha (Hainan),XX,XX,2
25745,Varangerhalvøya National Park,XX,XX,2
27949,Jäkkvik,XX,XX,2
23882,Port Hawkesbury and Port Hastings,XX,XX,2
27154,Macquarie Pass National Park,XX,XX,2
23140,Thaton (Myanmar),XX,XX,2
18555,West Kalimantan,ID,ID,2
25592,Ichkeul National Park,XX,XX,2
26541,Matawan,XX,XX,2
22793,Havant,XX,XX,2
25883,Imesi-ile,XX,XX,2
22319,Palmetto Bay,XX,XX,2
9651,Kapiri Mposhi,XX,XX,2
21740,Savigliano,XX,XX,2
16987,Tada Falls,IN,IN,2
24340,Boating in Finland,NL,NL,2
28054,Mira-Bhayandar,XX,XX,2
14991,River Vale,XX,XX,2
21806,Barcelona El Prat Airport,XX,XX,2
27442,Khar Zurkhnii Khokh Nuur,XX,XX,2
20944,Argentan,XX,XX,2
17975,Valgeranna,XX,XX,2
16455,Southern Islands (British Virgin Islands),XX,XX,2
25652,Ipokia,XX,XX,2
25470,Kinchega National Park,XX,XX,2
15622,Santa Rosa de Copán,XX,XX,2
22345,Badian,XX,XX,2
25938,Kasuwa Magani,XX,XX,2
27793,Forsayth and Cobbold Gorge,XX,XX,2
28406,Yadagirigutta,XX,XX,2
28408,Daksharamam,XX,XX,1
25307,Tala Bay,XX,XX,1
25397,Juana Díaz,XX,XX,1
28014,Gola Rainforest National Park,XX,XX,1
22236,Samana (Punjab),XX,XX,1
28379,Narmadapuram,XX,XX,1
25620,Kiten,XX,XX,1
7967,Glen Ellen,XX,XX,1
13709,Papillion,XX,XX,1
24153,Ubari,XX,XX,1
27571,Talata Mafara,XX,XX,1
25607,Jászapáti,XX,XX,1
23199,Tamarin (Mauritius),XX,XX,1
16065,Shimanami Kaido Bikeway,XX,XX,1
26456,Karkamış,XX,XX,1
15665,Sarafovo,XX,XX,1
25479,Szigetbecse,XX,XX,1
8505,Harbour Island,XX,XX,1
9404,Jharsuguda,XX,XX,1
26197,Calixa-Lavallée,XX,XX,1
15505,Sanguem,XX,XX,1
25573,Marie-Jean-Eudes Ecological Reserve,CA,CA,1
16502,Southwest Iceland,IS,IS,1
25715,Odogbolu,XX,XX,1
25972,Capricornia Cays National Park,XX,XX,1
27312,Nahuizalco,XX,XX,1
23376,Esperanza Base,XX,XX,1
23056,Kaleybar,XX,XX,1
12220,Moodbidre,XX,XX,1
10065,Kluane National Park,XX,XX,1
9557,Srikalahasti,XX,XX,1
24112,Liminka and surroundings,XX,XX,1
26634,Yangudi Rassa National Park,XX,XX,1
26516,Cusuco National Park,XX,XX,1
26067,Narriearra Caryapundy Swamp National Park,XX,XX,1
20193,Alden,XX,XX,1
3139,Altin Depe,XX,XX,1
22383,Telašćica Nature Park,XX,XX,1
27009,Umingan,XX,XX,1
28172,Zapotec phrasebook,MX,MX,1
20096,Sidhbari,XX,XX,1
24910,Langeais,XX,XX,1
22643,Basar,XX,XX,1
8769,Hisarya,XX,XX,1
25396,Guayanilla,XX,XX,1
20556,Schaprode,XX,XX,1
23362,Musical theatre,XX,XX,1
27152,Nordfjord,NO,NO,1
18191,Vinalhaven,XX,XX,1
26048,Ráquira,XX,XX,1
27385,Guula Ngurra National Park,XX,XX,1
25441,Abercrombie River National Park,XX,XX,1
19410,Monahans,XX,XX,1
27386,Balneario El Cóndor,XX,XX,1
24147,Pagar Alam,XX,XX,1
25558,Whalsay,XX,XX,1
21039,Balzers,XX,XX,1
13031,Northeastern Azerbaijan,XX,XX,1
24328,Saimaa Canal,XX,XX,1
27862,Cerro Azul Meámbar National Park,XX,XX,1
21172,Nandura,XX,XX,1
20592,Santa Clara Valley,XX,XX,1
25380,Sabana Grande,XX,XX,1
25989,Qikertaaluk Island,XX,XX,1
27665,Touring Hong Kong by public transport,XX,XX,1
27459,Umuaka,XX,XX,1
25977,Hautes-Gorges-de-la-Rivière-Malbaie National Park,XX,XX,1
25589,Thanga,XX,XX,1
22219,Heswall,XX,XX,1
16359,Soltaniyeh,XX,XX,1
19687,Al Wakrah,XX,XX,1
23235,Fundy National Park,XX,XX,1
25112,Zamfara State,XX,XX,1
26545,Belpahari,XX,XX,1
27711,Sampang,XX,XX,1
10266,Kuala Lipis,XX,XX,1
16114,Shurdhah Island,XX,XX,1
23083,Csongrád-Csanád County,XX,XX,1
28052,Valley of the Temples,XX,XX,1
21418,Chalatenango,XX,XX,1
24619,Whiskeytown National Recreation Area,XX,XX,1
21463,Chamba (Uttarakhand),XX,XX,1
25399,Salinas (Puerto Rico),XX,XX,1
25254,Jean Lafitte,XX,XX,1
26473,Arepo,XX,XX,1
22564,Inlandsbanan,SE,SE,1
11425,Mangamuka Bridge,XX,XX,1
19441,Charsadda,XX,XX,1
28375,Libon,XX,XX,1
13614,Palampur,XX,XX,1
27713,Matura National Park,XX,XX,1
27293,Llullaillaco National Park,CL,CL,1
20532,El Camino Real,XX,XX,1
27551,Seven Mile Beach National Park,XX,XX,1
26180,Médanos de Coro National Park,XX,XX,1
25730,Kodachrome Basin State Park,XX,XX,1
19227,Seal Beach,XX,XX,1
15315,Sajama National Park,XX,XX,1
18235,Volcanoes National Park,XX,XX,1
14743,Rangamati,XX,XX,1
25927,Western Tasmania,AU,AU,1
26025,Mont-Saint-Bruno National Park,XX,XX,1
3448,Arovudi,XX,XX,1
27450,Langezwaag,XX,XX,1
12587,Namib-Naukluft National Park,XX,XX,1
19600,San Rafael de Velasco,XX,XX,1
28382,Melaghar,XX,XX,1
22674,Santa Maria Nebaj,XX,XX,1
25229,Tarrafal de Monte Trigo,XX,XX,1
15908,Senegal,XX,XX,1
23560,Mangpoo,XX,XX,1
11937,Mihara,XX,XX,1
26276,Arambagh,XX,XX,1
11590,Marshalltown,XX,XX,1
22562,Samal,XX,XX,1
27881,Valles Pasiegos,XX,XX,1
17069,Tamar Valley,XX,XX,1
9516,Kabale,XX,XX,1
25579,Dég,XX,XX,1
24127,Top Gear Vietnam special,VN,VN,1
16343,Solana Beach,XX,XX,1
26579,Monte Alén National Park,XX,XX,1
24620,Pian Camuno,XX,XX,1
27872,Serti,XX,XX,1
15231,Sagar,XX,XX,1
14980,Rishop,XX,XX,1
19696,Garibaldi Provincial Park,XX,XX,1
23000,Mülheim an der Ruhr,XX,XX,1
25533,Marramarra National Park,XX,XX,1
25414,Naranjito,XX,XX,1
25463,Nattai National Park,XX,XX,1
26918,Puumala,XX,XX,1
27748,Ambanja,XX,XX,1
28055,Khardaha,XX,XX,1
23006,Demir Hisar,XX,XX,1
28280,Panchthupi,XX,XX,1
15562,San Pedro de Macoris,XX,XX,1
6579,Demir Kapija,XX,XX,1
26128,Palash,XX,XX,1
27932,Santa Coloma de Gramenet,XX,XX,1
27782,Sant'Antonino,XX,XX,1
27130,Bani,XX,XX,1
18892,Yanam,XX,XX,1
13705,Papallacta,XX,XX,1
19494,Diving in Barbados,XX,XX,1
16159,Sikhote-Alin,XX,XX,1
19185,Finland Proper,FI,FI,1
27150,Artés,XX,XX,1
21981,Hinsdale,XX,XX,1
26973,Amarah,XX,XX,1
23577,Vijfheerenlanden,XX,XX,1
27446,Ciudad de la Paz,XX,XX,1
25246,Central Western Iran,XX,XX,1
23182,Mendocino National Forest,XX,XX,1
23246,Ukkusiksalik National Park,XX,XX,1
15551,San Miguel (Guatemala),XX,XX,1
15242,Saharan Tunisia,XX,XX,1
26050,Needham Market,XX,XX,1
28380,Oas,XX,XX,1
24835,Camalig,XX,XX,1
25792,Lagos-Ibadan Railway,XX,XX,1
25576,Out Skerries,XX,XX,1
26266,Petit-Mécatina,XX,XX,1
9760,Kazakhstani North,XX,XX,1
27617,Măgurele,XX,XX,1
15506,San Gwann,XX,XX,1
26894,Koundara,XX,XX,1
19598,San Ignacio de Velasco,XX,XX,1
26943,Kangasniemi,XX,XX,1
28227,Nanka,XX,XX,1
26506,Mlilwane Wildlife Sanctuary,XX,XX,1
28176,Jhalong,XX,XX,1
16818,Sultanpur (Uttar Pradesh),XX,XX,1
17067,Tamarac,XX,XX,1
9531,Kafue National Park,XX,XX,1
25329,Stuorrahanoaivi trek,FI,FI,1
9585,Kalyan-Dombivli,XX,XX,1
27448,Barra Honda National Park,XX,XX,1
21317,Sandford-on-Thames,XX,XX,1
15047,Rocky Gap State Park,XX,XX,1
28439,Walker's Haute Route,XX,XX,1
8026,Gonur Depe,XX,XX,1
13844,Peachland,XX,XX,1
16686,St Lucia (KwaZulu-Natal),XX,XX,1
26749,Fierzë,XX,XX,1
22926,Mildenhall,XX,XX,1
24949,Baniyas,XX,XX,1
25373,Vega Alta,XX,XX,1
26632,Maze National Park,XX,XX,1
26466,Banda Api,XX,XX,1
16295,Slovak Paradise National Park,XX,XX,1
23738,Szentgotthárd,XX,XX,1
16467,South and West Gippsland,AU,AU,1
26858,Gualaca,XX,XX,1
11369,Malta Island,XX,XX,1
23890,Wabakimi Provincial Park,XX,XX,1
18288,Waikanae,XX,XX,1
22266,Naftalan,XX,XX,1
24276,Tearce-Jegunovce,XX,XX,1
23725,Mudumu National Park,XX,XX,1
11223,Machhiwara,XX,XX,1
9746,Kavalkinaru,XX,XX,1
22030,Ma'alaea,XX,XX,1
19324,Kfar Qouq,XX,XX,1
16539,Spiro,XX,XX,1
22317,Walcheren,XX,XX,1
23820,Sambrial,XX,XX,1
25681,Obanliku,XX,XX,1
23239,Kouchibouguac National Park,XX,XX,1
23024,Eastern Gran Canaria,XX,XX,1
20312,Qalqilya,XX,XX,1
27452,Bole International Airport,XX,XX,1
26094,Farasan Islands,XX,XX,1
15585,Santa Clara De Cobre,XX,XX,1
26600,Garden Castle Nature Reserve,ZA,ZA,1
26242,Sunset Crater Volcano National Monument,XX,XX,1
21862,Iznájar,XX,XX,1
6444,Danachi,XX,XX,1
13020,North Central Cascades,XX,XX,1
26432,Îles-de-Boucherville National Park,XX,XX,1
27744,Midyat,XX,XX,1
23962,Rock Hall,XX,XX,1
20092,Höganäs,XX,XX,1
25982,Charlevoix Biosphere Reserve,CA,CA,1
23433,Fast and Furious tourism,XX,XX,1
23794,Hemalkasa,XX,XX,1
20856,Durmitor National Park,XX,XX,1
21276,Llanfaethlu,XX,XX,1
11471,Manning Provincial Park,XX,XX,1
17159,Taukkyan,XX,XX,1
22148,East Gippsland Rail Trail,XX,XX,1
19100,Ziarat,XX,XX,1
24412,Lac Ste. Anne,XX,XX,1
25689,Ajapa,XX,XX,1
23244,Pukaskwa National Park,XX,XX,1
26953,Ergani,XX,XX,1
9407,Jiajiang,XX,XX,1
20750,Kirthar National Park,XX,XX,1
8686,Hermantown,XX,XX,1
28029,Ybycuí National Park,XX,XX,1
27900,Yumurtalık,CN,CN,1
24551,North Palm Beach,XX,XX,1
23252,Wapusk National Park,XX,XX,1
26828,Istaravshan,XX,XX,1
10560,Langhorne,XX,XX,1
28266,Oko,XX,XX,1
26343,Deua National Park,XX,XX,1
11679,Mayapur,XX,XX,1
15650,Santubong,XX,XX,1
23344,Bambari,XX,XX,1
8893,Houghton-Hancock,XX,XX,1
27794,Alcalá la Real,XX,XX,1
23233,Aulavik National Park,CA,CA,1
27635,Żelazowa Wola,XX,XX,1
26768,Palampet,XX,XX,1